stem.master,plot,asn,stem.asn,species,dbh,alive,sh
1,SC2MD,1,1,TSCA,26.3,Y,NA
2,SC2MD,1,2,TSCA,6,Y,NA
3,SC2MD,1,3,TSCA,14.7,Y,NA
4,SC2MD,1,4,ACRU,35.6,Y,NA
5,SC2MD,1,5,FAGR,9.8,Y,NA
6,SC2MD,1,6,TSCA,6,Y,NA
7,SC2MD,1,7,TSCA,11,N,6
8,SC2MD,1,8,UNKNOWN,19.3,N,NA
9,SC2MD,1,9,TSCA,30.5,Y,NA
10,SC2MD,1,10,TSCA,8.5,Y,NA
11,SC2MD,1,11,ACRU,15.6,Y,NA
12,SC2MD,1,12,BEPA,28.5,Y,NA
13,SC2MD,1,13,TSCA,17.9,Y,NA
14,SC2MD,1,14,TSCA,19.5,Y,NA
15,SC2MD,1,15,TSCA,11.7,Y,NA
16,SC2MD,1,16,FAGR,11.4,Y,NA
17,SC2MD,1,17,FAGR,6.5,Y,NA
18,SC2MD,1,18,FAGR,14.2,Y,NA
19,SC2MD,1,19,FAGR,24.2,N,15
20,SC2MD,1,20,TSCA,15.2,Y,NA
21,SC2MD,1,21,BELE,9,Y,NA
22,SC2MD,2,1,TSCA,22,Y,NA
23,SC2MD,2,2,FAGR,8.8,N,3
24,SC2MD,2,3,BEPA,25.4,Y,NA
25,SC2MD,2,4,BEPA,18.2,Y,NA
26,SC2MD,2,5,TSCA,28.1,Y,NA
27,SC2MD,2,6,FAGR,16.9,Y,NA
28,SC2MD,2,7,BEAL,22.5,Y,NA
29,SC2MD,2,8,FAGR,20.1,Y,NA
30,SC2MD,2,9,TSCA,8.2,Y,NA
31,SC2MD,2,10,QURU,33.3,Y,NA
32,SC2MD,2,11,BEAL,14.3,Y,NA
33,SC2MD,2,12,TSCA,11.1,Y,NA
34,SC2MD,2,13,TSCA,5.1,Y,NA
35,SC2MD,2,14,TSCA,6.3,Y,NA
36,SC2MD,2,15,TSCA,8.7,Y,NA
37,SC2MD,2,16,FAGR,13,Y,NA
38,SC2MD,2,17,BEPA,32.6,Y,NA
39,SC2MD,2,18,ACRU,29.6,Y,NA
40,SC2MD,2,19,ACRU,23.7,Y,NA
41,SC2MD,2,20,FAGR,13.5,Y,NA
42,SC2MD,2,21,TSCA,11.5,Y,NA
43,SC2MD,2,22,ACRU,17.6,Y,NA
44,SC2MD,2,23,TSCA,7,Y,NA
45,SC2MD,2,24,TSCA,16.9,Y,NA
46,SC2MD,2,25,TSCA,6,Y,NA
47,SC2MD,2,26,TSCA,17.9,Y,NA
48,SC2MD,2,27,ACRU,14.6,Y,NA
49,SC2MD,2,28,FAGR,13.5,Y,NA
50,SC2MD,2,29,TSCA,9.2,Y,NA
51,SC2MD,2,30,FAGR,9.9,Y,NA
52,SC2MD,2,31,TSCA,12.7,Y,NA
53,SC2MD,2,32,TSCA,6.1,Y,NA
54,SC2MD,3,1,FAGR,22.2,Y,NA
55,SC2MD,3,2,FAGR,9,Y,NA
56,SC2MD,3,3,FAGR,11.7,Y,NA
57,SC2MD,3,4,FAGR,6.4,Y,NA
58,SC2MD,3,5,BELE,14,Y,NA
59,SC2MD,3,6,BEPA,21.1,Y,NA
60,SC2MD,3,7,TSCA,22.1,Y,NA
61,SC2MD,3,8,BELE,15.6,Y,NA
62,SC2MD,3,9,FAGR,25.1,N,3
63,SC2MD,3,10,FAGR,17.8,N,2
64,SC2MD,3,11,TSCA,16.4,Y,NA
65,SC2MD,3,12,QURU,25.8,Y,NA
66,SC2MD,3,13,TSCA,6.5,Y,NA
67,SC2MD,3,14,FAGR,13.3,N,4
68,SC2MD,3,15,BEPA,19.8,Y,NA
69,SC2MD,3,16,TSCA,33.7,Y,NA
70,SC2MD,3,17,TSCA,14.7,Y,NA
71,SC2MD,3,18,PIST,13.7,Y,NA
72,SC2MD,3,19,ACRU,11.6,N,5
73,SC2MD,3,20,FAGR,14.6,N,2.5
74,SC2MD,3,21,FAGR,18,Y,NA
75,SC2MD,3,22,TSCA,14.6,Y,NA
76,SC2MD,3,23,FAGR,12.4,N,10
77,SC2MD,3,24,FAGR,22.5,N,2
78,SC2MD,3,25,TSCA,5.7,Y,NA
79,SC2MD,3,26,ACRU,22.1,Y,NA
80,SC2MD,3,27,FAGR,13.6,Y,NA
81,SC2MD,4,1,FAGR,8,Y,NA
82,SC2MD,4,2,ACRU,16.1,Y,NA
83,SC2MD,4,3,TSCA,8.7,Y,NA
84,SC2MD,4,4,QURU,35.2,Y,NA
85,SC2MD,4,5,QURU,22.3,Y,NA
86,SC2MD,4,6,FAGR,9.9,Y,NA
87,SC2MD,4,7,TSCA,12.6,Y,NA
88,SC2MD,4,8,TSCA,6,Y,NA
89,SC2MD,4,9,TSCA,7.3,Y,NA
90,SC2MD,4,10,TSCA,6.1,Y,NA
91,SC2MD,4,11,TSCA,21,Y,NA
92,SC2MD,4,12,TSCA,10,Y,NA
93,SC2MD,4,13,TSCA,7.2,Y,NA
94,SC2MD,4,14,TSCA,18.5,Y,NA
95,SC2MD,4,15,ACRU,12.2,Y,NA
96,SC2MD,4,16,ACRU,14.6,Y,NA
97,SC2MD,4,17,QURU,32,Y,NA
98,SC2MD,4,18,QURU,39.9,Y,NA
99,SC2MD,4,19,FAGR,8.1,Y,NA
100,SC2MD,4,20,OSVI,7.3,Y,NA
101,SC2MD,4,21,QURU,46.1,Y,NA
102,SC2MD,4,22,FAGR,6.9,Y,NA
103,SC2MD,4,23,BEPA,23,N,10
104,SC2MD,4,24,TSCA,7.4,Y,NA
105,SC2MD,4,25,FAGR,5.4,N,1
106,SC2MD,4,26,BEPA,30.2,Y,NA
107,SC2MD,4,27,BELE,13.3,Y,15
108,SC2MD,4,28,FAGR,25.4,N,NA
109,SC2MD,4,29,TSCA,22,Y,NA
110,SC2MD,4,30,FAGR,25.6,Y,NA
111,SC2MD,4,31,FAGR,19.5,Y,NA
112,SC2MD,4,32,TSCA,5.5,Y,NA
113,SC2MD,4,33,FAGR,16,Y,NA
114,SC2MD,4,34,FAGR,6.1,Y,NA
115,SC2MD,4,35,ACRU,19.1,Y,NA
116,SC2MD,4,36,TSCA,6,Y,NA
117,SC2MD,4,37,QURU,42.8,Y,NA
118,SC2MD,5,1,QURU,34.1,Y,NA
119,SC2MD,5,2,ACRU,14.3,Y,NA
120,SC2MD,5,3,QURU,22.1,Y,NA
121,SC2MD,5,4,QURU,40.6,Y,NA
122,SC2MD,5,5,FAGR,8.9,N,6
123,SC2MD,5,6,FAGR,12.3,N,12
124,SC2MD,5,7,BELE,10.9,Y,NA
125,SC2MD,5,8,TSCA,21.5,Y,NA
126,SC2MD,5,9,TSCA,13.1,Y,NA
127,SC2MD,5,10,ACRU,9.9,Y,NA
128,SC2MD,5,11,TSCA,13,Y,NA
129,SC2MD,5,12,FAGR,8.8,Y,NA
130,SC2MD,5,13,TSCA,10.2,Y,NA
131,SC2MD,5,14,BELE,11.8,Y,NA
132,SC2MD,5,15,TSCA,14.1,Y,NA
133,SC2MD,5,16,BELE,15.4,Y,NA
134,SC2MD,5,17,ACRU,7.4,N,8
135,SC2MD,5,18,BEPA,25.9,Y,NA
136,SC2MD,5,19,FAGR,9.5,N,7
137,SC2MD,5,20,TSCA,10.6,Y,NA
138,SC2MD,5,21,TSCA,14.1,Y,NA
139,SC2MD,5,22,TSCA,14.3,Y,NA
140,SC2MD,5,23,TSCA,5,Y,NA
141,SC2MD,5,24,TSCA,12.2,Y,NA
142,SC2MD,5,25,FAGR,8.3,Y,NA
143,SC2MD,5,26,FAGR,14.9,Y,NA
144,SC2MD,5,27,FAGR,8.4,Y,NA
145,SC2MD,5,28,FAGR,7.8,Y,NA
146,SC2MD,5,29,TSCA,7.8,Y,NA
147,SC2MD,5,30,FAGR,6,Y,NA
148,SC2MD,5,31,ACRU,31.3,Y,NA
149,SC2MD,5,32,TSCA,10.8,Y,NA
150,SC2MD,5,33,FAGR,7.5,Y,NA
151,SC2MD,5,34,TSCA,7,Y,NA
152,SC2MD,5,35,ACRU,8,Y,NA
153,SC2TS,1,1,QURU,36.1,Y,NA
154,SC2TS,1,2,TSCA,35.3,Y,NA
155,SC2TS,1,3,ACRU,6.8,Y,NA
156,SC2TS,1,4,QURU,43.4,Y,NA
157,SC2TS,1,5,QURU,36.4,Y,NA
158,SC2TS,1,6,TSCA,18,Y,NA
159,SC2TS,1,7,TSCA,5.6,Y,NA
160,SC2TS,1,8,ACRU,19.7,Y,NA
161,SC2TS,1,9,TSCA,11.1,Y,NA
162,SC2TS,1,10,TSCA,26.8,Y,NA
163,SC2TS,1,11,QURU,38,Y,NA
164,SC2TS,1,12,TSCA,29.5,Y,NA
165,SC2TS,1,13,TSCA,6.6,Y,NA
166,SC2TS,1,14,QURU,30.6,Y,NA
167,SC2TS,1,15,QURU,28.1,Y,NA
168,SC2TS,1,16,TSCA,47,Y,NA
169,SC2TS,2,1,TSCA,48,Y,NA
170,SC2TS,2,2,TSCA,37.1,Y,NA
171,SC2TS,2,3,TSCA,11.4,N,8
172,SC2TS,2,4,TSCA,29.4,Y,NA
173,SC2TS,2,5,TSCA,30.4,Y,NA
174,SC2TS,2,6,BEPA,23,N,8
175,SC2TS,2,7,BEPA,15.7,N,2
176,SC2TS,2,8,TSCA,17.9,Y,NA
177,SC2TS,2,9,TSCA,9.2,N,7
178,SC2TS,2,10,BELE,27.3,Y,NA
179,SC2TS,2,11,TSCA,12.1,N ,3
180,SC2TS,2,12,TSCA,34.4,Y,NA
181,SC2TS,2,13,TSCA,7.3,Y,NA
182,SC2TS,2,14,ACRU,22.3,Y,NA
183,SC2TS,2,15,TSCA,9.1,Y,NA
184,SC2TS,2,16,TSCA,29.9,Y,NA
185,SC2TS,3,1,PIST,27.7,Y,NA
186,SC2TS,3,2,TSCA,15.8,Y,NA
187,SC2TS,3,3,TSCA,25.9,Y,NA
188,SC2TS,3,4,TSCA,15.9,Y,NA
189,SC2TS,3,5,TSCA,45.6,Y,NA
190,SC2TS,3,6,TSCA,20.1,N,12
191,SC2TS,3,7,TSCA,23.8,Y,NA
192,SC2TS,3,8,TSCA,14.5,N,12
193,SC2TS,3,9,BEAL,18.1,Y,NA
194,SC2TS,3,10,TSCA,19.3,Y,NA
195,SC2TS,3,11,TSCA,20,Y,NA
196,SC2TS,3,12,TSCA,16.6,Y,NA
197,SC2TS,3,13,FAGR,26.6,Y,NA
198,SC2TS,3,14,FAGR,20.4,Y,NA
199,SC2TS,3,15,FAGR,31.8,Y,NA
200,SC2TS,3,16,TSCA,6.7,Y,NA
201,SC2TS,3,17,TSCA,9.1,Y,NA
202,SC2TS,3,18,TSCA,20.6,Y,NA
203,SC2TS,3,19,QURU,29.9,Y,NA
204,SC2TS,3,20,TSCA,5.1,Y,NA
205,SC2TS,3,21,TSCA,10.1,Y,NA
206,SC2TS,4,1,TSCA,31.8,Y,NA
207,SC2TS,4,2,QURU,49.7,Y,NA
208,SC2TS,4,3,TSCA,46.6,Y,NA
209,SC2TS,4,4,TSCA,54.7,Y,NA
210,SC2TS,4,5,TSCA,64.2,N,8
211,SC2TS,4,6,BELE,16.6,Y,NA
212,SC2TS,4,7,FAGR,8.8,N,8
213,SC2TS,4,8,TSCA,17.4,Y,NA
214,SC2TS,4,9,BELE,28.4,Y,NA
215,SC2TS,4,10,BELE,25.9,Y,NA
216,SC2TS,4,11,TSCA,7.9,Y,NA
217,SC2TS,4,12,TSCA,7.6,N,4
218,SC2TS,4,13,TSCA,14.5,Y,NA
219,SC2TS,4,14,PIST,52,Y,NA
220,SC2TS,4,15,TSCA,14.9,Y,NA
221,SC2TS,4,16,TSCA,19.6,Y,NA
222,SC2TS,4,17,PIST,24.6,N,6
223,SC2TS,4,18,TSCA,9.4,Y,NA
224,SC2TS,4,19,TSCA,9.2,Y,NA
225,SC2TS,5,1,QURU,29.9,Y,NA
226,SC2TS,5,2,TSCA,21.7,Y,NA
227,SC2TS,5,3,TSCA,58.2,Y,NA
228,SC2TS,5,4,TSCA,19.5,N,10
229,SC2TS,5,5,FAGR,23.7,Y,NA
230,SC2TS,5,6,TSCA,7.6,Y,NA
231,SC2TS,5,7,BELE,27.7,N,7
232,SC2TS,5,8,FAGR,17.8,N,10
233,SC2TS,5,9,TSCA,9.7,Y,NA
234,SC2TS,5,10,TSCA,52.8,Y,NA
235,SC2TS,5,11,TSCA,31.5,Y,NA
236,SC2TS,5,12,TSCA,20.2,Y,NA
237,SC2TS,5,13,TSCA,30.4,Y,NA
238,SC2TS,5,14,TSCA,37.3,Y,NA
239,SC2TS,5,15,TSCA,25,Y,NA
240,SC2TS,5,16,TSCA,14.9,Y,NA
241,SC2TS,5,17,PIST,37.8,Y,NA
242,SC2TS,5,18,TSCA,19.6,Y,NA
243,SC2TS,5,19,TSCA,25.5,Y,NA
244,SC2TS,5,20,TSCA,6.9,Y,NA
245,MRTS,1,1,TSCA,19.4,Y,NA
246,MRTS,1,2,TSCA,27.6,Y,NA
247,MRTS,1,3,TSCA,62.3,Y,NA
248,MRTS,1,4,FAGR,22.9,Y,NA
249,MRTS,1,5,TSCA,30.7,Y,NA
250,MRTS,1,6,BELE,24.7,Y,NA
251,MRTS,1,7,TSCA,20,Y,NA
252,MRTS,1,8,TSCA,29.5,Y,NA
253,MRTS,1,9,TSCA,29.5,Y,NA
254,MRTS,1,10,TSCA,37.9,Y,NA
255,MRTS,1,11,TSCA,29.5,Y,NA
256,MRTS,1,12,TSCA,28.4,Y,NA
257,MRTS,1,13,TSCA,22.6,Y,NA
258,MRTS,1,14,TSCA,22.6,Y,NA
259,MRTS,1,15,TSCA,31.1,Y,NA
260,MRTS,2,1,TSCA,5,Y,NA
261,MRTS,2,2,TSCA,10,Y,NA
262,MRTS,2,3,TSCA,27.7,Y,NA
263,MRTS,2,4,TSCA,18,Y,NA
264,MRTS,2,5,TSCA,38.7,Y,NA
265,MRTS,2,6,TSCA,13.7,Y,NA
266,MRTS,2,7,ACRU,17.9,Y,NA
267,MRTS,2,8,TSCA,11.8,Y,NA
268,MRTS,2,9,FAGR,15.5,Y,NA
269,MRTS,2,10,TSCA,11.3,N,NA
270,MRTS,2,11,TSCA,9.2,N,NA
271,MRTS,2,12,TSCA,11.1,Y,NA
272,MRTS,2,13,PRSE,10.8,Y,NA
273,MRTS,2,14,TSCA,10.8,Y,NA
274,MRTS,2,15,TSCA,19.6,Y,NA
275,MRTS,2,16,TSCA,31.1,Y,NA
276,MRTS,2,17,TSCA,29.7,Y,NA
277,MRTS,2,18,TSCA,41.2,Y,NA
278,MRTS,3,1,TSCA,17.1,Y,NA
279,MRTS,3,2,TSCA,7.8,Y,NA
280,MRTS,3,3,OSVI,13.4,N,11
281,MRTS,3,4,TSCA,39.2,Y,NA
282,MRTS,3,5,TSCA,21.3,Y,NA
283,MRTS,3,6,ACRU,17.1,Y,NA
284,MRTS,3,7,ACRU,23.4,Y,NA
285,MRTS,3,8,TSCA,15.8,Y,NA
286,MRTS,3,9,OSVI,11,N,10
287,MRTS,3,10,TSCA,20.7,Y,NA
288,MRTS,3,11,PIST,59.6,Y,NA
289,MRTS,3,12,TSCA,21.3,Y,NA
290,MRTS,4,1,TSCA,36.1,Y,NA
291,MRTS,4,2,TSCA,19.5,Y,NA
292,MRTS,4,3,TSCA,24.9,Y,NA
293,MRTS,4,4,TSCA,32.8,Y,NA
294,MRTS,4,5,TSCA,12.8,Y,NA
295,MRTS,4,6,TSCA,16.3,Y,NA
296,MRTS,4,7,TSCA,21.5,Y,NA
297,MRTS,4,8,TSCA,19.1,Y,NA
298,MRTS,4,9,TSCA,24.6,Y,NA
299,MRTS,4,10,BEAL,9,Y,NA
300,MRTS,5,1,TSCA,32.5,Y,NA
301,MRTS,5,2,TSCA,11,Y,NA
302,MRTS,5,3,TSCA,14.7,Y,NA
303,MRTS,5,4,TSCA,12.6,Y,NA
304,MRTS,5,5,TSCA,14.6,Y,NA
305,MRTS,5,6,TSCA,52.1,Y,NA
306,MRTS,5,7,BEAL,6.8,Y,NA
307,MRTS,5,8,TSCA,13.4,Y,NA
308,MRTS,5,9,TSCA,9,Y,NA
309,MRTS,5,10,TSCA,6.9,Y,NA
310,MRTS,5,11,ACRU,17.2,Y,NA
311,MRTS,5,12,TSCA,14.6,Y,NA
312,MRTS,5,13,ACRU,17.7,Y,NA
313,MRTS,5,14,ACRU,20.8,Y,NA
314,MRTS,5,15,ACRU,28,N,NA
315,MRTS,5,16,TSCA,5.6,N,5
316,MRTS,5,17,TSCA,10.9,Y,NA
317,MRTS,5,18,PRSE,21.5,Y,NA
318,MRTS,5,19,TSCA,16.4,Y,NA
319,MRTS,5,20,FAGR,30.7,Y,NA
320,MRTS,5,21,TSCA,9.8,Y,NA
321,MRMD,1,1,ACRU,6.8,Y,NA
322,MRMD,1,2,ACRU,7.8,Y,NA
323,MRMD,1,3,ACRU,6,Y,NA
324,MRMD,1,4,ACRU,7,Y,NA
325,MRMD,1,5,ACRU,12.3,Y,NA
326,MRMD,1,6,ACRU,9.5,Y,NA
327,MRMD,1,7,PIST,6,Y,NA
328,MRMD,1,8,BEPO,8.2,Y,NA
329,MRMD,1,9,QURU,15.1,Y,NA
330,MRMD,1,10,ACRU,6,Y,NA
331,MRMD,1,11,ACRU,6.2,Y,NA
332,MRMD,1,12,BEPO,6.7,Y,NA
333,MRMD,1,13,ACRU,5,Y,NA
334,MRMD,1,14,ACRU,7,Y,NA
335,MRMD,1,15,ACRU,15.5,Y,NA
336,MRMD,1,16,ACRU,7.4,Y,NA
337,MRMD,1,17,QURU,16.7,Y,NA
338,MRMD,1,18,ACRU,6.2,Y,NA
339,MRMD,1,19,ACRU,5,Y,NA
340,MRMD,1,20,ACRU,5.3,Y,NA
341,MRMD,1,21,ACRU,7.8,Y,NA
342,MRMD,1,22,TSCA,12.5,Y,NA
343,MRMD,1,23,ACRU,7.4,N,5
344,MRMD,1,24,QURU,20.4,Y,NA
345,MRMD,1,25,QURU,15.9,Y,NA
346,MRMD,1,26,QURU,23.7,Y,NA
347,MRMD,1,27,QURU,21.6,Y,NA
348,MRMD,1,28,ACRU,6.2,Y,NA
349,MRMD,1,29,TSCA,9.1,Y,NA
350,MRMD,1,30,ACRU,5,Y,NA
351,MRMD,2,1,QURU,10.1,Y,NA
352,MRMD,2,2,QURU,20.8,Y,NA
353,MRMD,2,3,QURU,19.6,Y,NA
354,MRMD,2,4,QURU,19.8,Y,NA
355,MRMD,2,5,QURU,9.7,Y,NA
356,MRMD,2,6,ACRU,5.6,Y,NA
357,MRMD,2,7,QUVE,16.9,Y,NA
358,MRMD,2,8,ACRU,6.2,Y,NA
359,MRMD,2,9,ACRU,6.7,Y,NA
360,MRMD,2,10,ACRU,5.7,Y,NA
361,MRMD,2,11,ACRU,6.8,Y,NA
362,MRMD,2,12,ACRU,9,Y,NA
363,MRMD,2,13,PIST,15.5,Y,NA
364,MRMD,2,14,ACRU,5.1,Y,NA
365,MRMD,2,15,BEPA,8.2,Y,NA
366,MRMD,2,16,BEPA,8,N,7
367,MRMD,2,17,BEPA,8,N,3
368,MRMD,2,18,BEPA,7.6,N,2
369,MRMD,2,19,BEPA,11.4,Y,NA
370,MRMD,2,20,BEPA,9,Y,NA
371,MRMD,2,21,BEPA,8.2,Y,NA
372,MRMD,2,22,QURU,13,Y,NA
373,MRMD,2,23,QURU,12.5,Y,NA
374,MRMD,2,24,BEPA,5.8,N,3
375,MRMD,2,25,BEPA,5.1,N,1.5
376,MRMD,2,26,BEPA,5.4,Y,NA
377,MRMD,2,27,BEPA,5.7,Y,NA
378,MRMD,2,28,BEPA,5.1,N,2
379,MRMD,2,29,BEPA,7.7,Y,NA
380,MRMD,2,30,BEPA,6.9,Y,NA
381,MRMD,2,31,ACRU,9.8,Y,NA
382,MRMD,2,32,ACRU,7.1,Y,NA
383,MRMD,3,1,ACRU,9.9,Y,NA
384,MRMD,3,2,ACRU,6.8,Y,NA
385,MRMD,3,3,ACRU,14.3,Y,NA
386,MRMD,3,4,ACRU,12.3,Y,NA
387,MRMD,3,5,PIST,5,Y,NA
388,MRMD,3,6,BEPO,5,N,3
389,MRMD,3,7,BEPO,5.4,N,6
390,MRMD,3,8,BEPO,5.7,N,6
391,MRMD,3,9,BEPO,6.1,Y,NA
392,MRMD,3,10,BEPO,6.5,N,5
393,MRMD,3,11,BEPO,7.4,Y,NA
394,MRMD,3,12,BEPO,5.6,Y,NA
395,MRMD,3,13,BEPO,7,N,1.5
396,MRMD,3,14,BEPO,6.8,Y,NA
397,MRMD,3,15,BEPO,6,Y,NA
398,MRMD,3,16,BEPO,6.9,Y,NA
399,MRMD,3,17,BEPO,6.6,Y,NA
400,MRMD,3,18,BEPO,6.4,Y,NA
401,MRMD,3,19,BEPO,9,Y,NA
402,MRMD,3,20,BEPO,7.8,Y,NA
403,MRMD,3,21,BEPO,9.7,Y,NA
404,MRMD,3,22,BEPO,7,Y,NA
405,MRMD,3,23,BEPO,7.3,Y,NA
406,MRMD,4,1,QURU,29,Y,NA
407,MRMD,4,2,QURU,18.6,Y,NA
408,MRMD,4,3,QURU,12.9,Y,NA
409,MRMD,4,4,BEPO,6.9,Y,NA
410,MRMD,4,5,BEPO,5.1,Y,NA
411,MRMD,4,6,PRPE,5.4,N,3
412,MRMD,4,7,PRPE,10.1,N,5
413,MRMD,4,8,BEPA,9.8,Y,NA
414,MRMD,4,9,BEPA,12.4,Y,NA
415,MRMD,4,10,BEPA,11.2,Y,NA
416,MRMD,4,11,BEPA,10,Y,NA
417,MRMD,4,12,BEPA,9.6,Y,NA
418,MRMD,4,13,BEPA,13.3,Y,NA
419,MRMD,4,14,BEPA,8.9,N,8
420,MRMD,4,15,BEPA,5.1,N,1.5
421,MRMD,4,16,PIST,5.5,Y,NA
422,MRMD,4,17,QURU,16.9,Y,NA
423,MRMD,4,18,TSCA,7,Y,NA
424,MRMD,4,19,BEPA,9.6,Y,NA
425,MRMD,4,20,ACRU,6.6,Y,NA
426,MRMD,4,21,QURU,7.1,Y,NA
427,MRMD,4,22,ACRU,12.3,Y,NA
428,MRMD,4,23,ACRU,8.8,Y,NA
429,MRMD,4,24,ACRU,8.4,Y,NA
430,MRMD,4,25,ACRU,8,N,8
431,MRMD,4,26,ACRU,11,Y,NA
432,MRMD,4,27,PRPE,7.6,Y,NA
433,MRMD,4,28,BEPA,9,N,1.5
434,MRMD,4,29,BEPA,6.3,Y,NA
435,MRMD,4,30,BEPA,8.9,Y,NA
436,MRMD,4,31,BEPA,5.5,Y,NA
437,MRMD,4,32,BEPA,6.3,Y,NA
438,MRMD,4,33,BEPA,7.8,Y,NA
439,MRMD,5,1,BEPA,10,Y,NA
440,MRMD,5,2,BEPA,12.1,Y,NA
441,MRMD,5,3,ACRU,11.4,Y,NA
442,MRMD,5,4,ACRU,12.7,Y,NA
443,MRMD,5,5,ACRU,10.1,Y,NA
444,MRMD,5,6,BEPO,5.3,Y,NA
445,MRMD,5,7,BEPO,6.2,Y,NA
446,MRMD,5,8,BEPO,8.3,Y,NA
447,MRMD,5,9,BEPO,8.6,Y,NA
448,MRMD,5,10,BEPO,9.2,Y,NA
449,MRMD,5,11,BEPO,7.6,Y,NA
450,MRMD,5,12,BEPO,10.3,Y,NA
451,MRMD,5,13,BEPO,10.8,Y,NA
452,MRMD,5,14,BEPO,8.5,Y,NA
453,MRMD,5,15,BEPO,8.7,Y,NA
454,MRMD,5,16,ACRU,11.2,Y,NA
455,MRMD,5,17,ACRU,6.2,Y,NA
456,MRMD,5,18,ACRU,6.5,Y,NA
457,MRMD,5,19,QURU,6.9,Y,NA
458,MRMD,5,20,BEPA,8.6,Y,NA
459,MRMD,5,21,BEPA,5.3,Y,NA
460,MRMD,5,22,BEPO,8.4,Y,NA
461,MRMD,5,23,BEPO,7.8,Y,NA
462,MRMD,5,24,BEPO,6.1,Y,NA
463,MRMD,5,25,BEPO,8.9,Y,NA
464,MRMD,5,26,BEPO,6.9,Y,NA
465,MRMD,5,27,ACRU,5.9,Y,NA
466,MRMD,5,28,ACRU,6.3,Y,NA
467,MRMD,5,29,ACRU,5.3,Y,NA
468,MRMD,5,30,ACRU,7.6,Y,NA
469,MRMD,5,31,ACRU,5.6,Y,NA
470,MRMD,5,32,BEPO,5.7,Y,NA
471,MRMD,5,33,ACRU,7.9,Y,NA
472,MRMD,5,34,BEPO,6.2,N,3
473,MRMD,5,35,ACRU,9.6,Y,NA
474,MRMD,5,36,ACRU,8.6,Y,NA
475,MRMD,5,37,QURU,16.8,Y,NA
476,MRMD,5,38,BEPO,6,Y,NA
477,MRMD,5,39,ACRU,6,Y,NA
478,MRMD,5,40,BEPO ,8.6,Y,NA
479,MRMD,5,41,BEPO,5,Y,NA
480,MRMD,5,42,BEPO,6.6,Y,NA
481,MRMD,5,43,ACRU,10.4,Y,NA
482,MRMD,5,44,PIST,6.5,Y,NA
483,MRMD,5,45,BEPO,6,N,2
484,MRMD,5,46,ACRU,7.4,Y,NA
485,MRMD,5,47,ACRU,6.8,Y,NA
486,MRMD,5,48,ACRU,5.7,Y,NA
487,MRMD,5,49,ACRU,5.9,Y,NA
488,MRMD,5,50,ACRU,6.2,Y,NA
489,MRMD,5,51,ACRU,5.1,Y,NA
490,MRMD,5,52,PRPE,7.1,Y,NA
491,SC1MD,1,1,QURU,46,Y,NA
492,SC1MD,1,2,ACRU,17,Y,NA
493,SC1MD,1,3,ACRU,10.8,Y,NA
494,SC1MD,1,4,ACRU,11,Y,NA
495,SC1MD,1,5,ACRU,30.8,Y,NA
496,SC1MD,1,6,ACRU,17.4,N,NA
497,SC1MD,1,7,BEAL,18.2,Y,NA
498,SC1MD,1,8,ACRU,12.1,Y,NA
499,SC1MD,1,9,CAOV,8.7,Y,NA
500,SC1MD,1,10,ACRU,18.3,Y,NA
501,SC1MD,1,11,ACRU,5.3,Y,NA
502,SC1MD,1,12,BEAL,8.3,Y,NA
503,SC1MD,1,13,BEAL,12.3,Y,NA
504,SC1MD,1,14,ACRU,18.3,Y,NA
505,SC1MD,1,15,ACRU,14.3,N,5
506,SC1MD,1,16,PIST,13.4,N,1.5
507,SC1MD,1,17,PIST,7.1,N,1
508,SC1MD,1,18,PIST,14.5,N,2
509,SC1MD,2,1,ACRU,21.9,Y,NA
510,SC1MD,2,2,ACRU,23.2,Y,NA
511,SC1MD,2,3,BEAL,12.5,Y,NA
512,SC1MD,2,4,BEPA,25.7,Y,NA
513,SC1MD,2,5,BEAL,15.2,Y,NA
514,SC1MD,2,6,FRAM,17.7,Y,NA
515,SC1MD,2,7,PIST,17.5,N,14
516,SC1MD,2,8,ACRU,6,Y,NA
517,SC1MD,2,9,QURU,32.4,Y,NA
518,SC1MD,2,10,BEAL,18.9,Y,NA
519,SC1MD,2,11,BEAL,11.3,Y,NA
520,SC1MD,2,12,PRSE,15.7,N,12
521,SC1MD,2,13,PRSE,14,N,8
522,SC1MD,3,1,ACRU,25.1,Y,NA
523,SC1MD,3,2,CAOV,10.8,Y,NA
524,SC1MD,3,3,BEAL,18.8,Y,NA
525,SC1MD,3,4,BEAL,12.5,Y,NA
526,SC1MD,3,5,BEAL,8.1,Y,NA
527,SC1MD,3,6,BEAL,10.8,Y,NA
528,SC1MD,3,7,QURU,26.9,Y,NA
529,SC1MD,3,8,QURU,14.1,Y,NA
530,SC1MD,3,9,QURU,15.2,N,15
531,SC1MD,3,10,BEAL,5.1,Y,NA
532,SC1MD,3,11,BEAL,5.4,Y,NA
533,SC1MD,3,12,PIST,33.2,Y,NA
534,SC1MD,3,13,PIST,31.7,Y,NA
535,SC1MD,3,14,ACRU,9.9,Y,NA
536,SC1MD,3,15,ACRU,5.5,N,5
537,SC1MD,3,16,PIST,19.8,N,6
538,SC1MD,4,1,ACRU,12.1,Y,NA
539,SC1MD,4,2,ACRU,6.1,N,2
540,SC1MD,4,3,PIST,10.6,N,1
541,SC1MD,4,4,PRSE,16.6,Y,NA
542,SC1MD,4,5,PRSE,7.1,N,8
543,SC1MD,4,6,PRSE,16.7,Y,NA
544,SC1MD,4,7,HAVI,6.2,Y,NA
545,SC1MD,4,8,HAVI,5.3,Y,NA
546,SC1MD,4,9,PIST,14.3,N,3
547,SC1MD,4,10,ACRU,5.8,Y,NA
548,SC1MD,4,11,ACRU,15.5,Y,NA
549,SC1MD,4,12,ACRU,7.7,Y,NA
550,SC1MD,4,13,BEPA,16.7,Y,NA
551,SC1MD,4,14,QURU,41.6,Y,NA
552,SC1MD,4,15,PRSE,12.9,N,5
553,SC1MD,4,16,ACRU,24.4,Y,NA
554,SC1MD,4,17,ACRU,27.6,Y,NA
555,SC1MD,4,18,ACRU,9.3,Y,NA
556,SC1MD,4,19,ACRU,24.1,Y,NA
557,SC1MD,4,20,ACRU,22.2,Y,NA
558,SC1MD,4,21,PIST,12.3,Y,NA
559,SC1MD,5,1,QURU,23.1,Y,NA
560,SC1MD,5,2,QURU,36.2,Y,NA
561,SC1MD,5,3,PIST,12.1,Y,NA
562,SC1MD,5,4,QURU,37.6,Y,NA
563,SC1MD,5,5,PIST,10.8,N,3
564,SC1MD,5,6,QURU,46.4,Y,NA
565,SC1MD,5,7,BEAL,8.3,Y,NA
566,SC1MD,5,8,ACRU,25.2,Y,NA
567,SC1MD,5,9,ACRU,17.3,Y,NA
568,SC1MD,5,10,ACRU,24.6,Y,NA
569,SC1MD,5,11,ACRU,8.7,N,2
570,SC1MD,5,12,PIST,12.1,N,1
571,SC1MD,5,13,CAOV,6.2,Y,NA
572,SC1MD,5,14,CAOV,5.5,Y,NA
573,SC1MD,5,15,QURU,23,Y,NA
574,SC1MD,5,16,QURU,24.1,Y,NA
575,SC1MD,5,17,PIST,5.3,Y,NA
576,SC1MD,5,18,ACRU,14.3,Y,NA
577,SC1MD,5,19,ACRU,14.5,Y,NA
578,SC1MD,5,20,ACRU,14.7,Y,NA
579,SC1MD,5,21,QURU,40.5,Y,NA
580,SC1MD,5,22,ACRU,9.9,Y,NA
581,SC1MD,5,23,ACRU,6.1,N,8
582,SC1MD,5,24,BEAL,10,Y,NA
583,SC1MD,5,25,PRSE,19.2,N,16
584,SC1MD,5,26,FRAM,16.4,Y,NA
585,SC1MD,5,27,QURU,12,Y,NA
586,SC1MD,5,28,ACRU,9.8,Y,NA
587,SC1TS,1,1,TSCA,41.2,Y,NA
588,SC1TS,1,2,TSCA,20.2,Y,NA
589,SC1TS,1,3,BELE,27.5,Y,NA
590,SC1TS,1,4,ACRU,14.5,Y,NA
591,SC1TS,1,5,TSCA,22.9,Y,NA
592,SC1TS,1,6,TSCA,40.4,Y,NA
593,SC1TS,1,7,TSCA,8.4,Y,NA
594,SC1TS,1,8,TSCA,30.9,Y,NA
595,SC1TS,1,9,BEAL,11.8,Y,NA
596,SC1TS,1,10,BEPA,11.2,Y,NA
597,SC1TS,1,11,BEPA,20.2,Y,NA
598,SC1TS,1,12,FAGR,6.7,N,9
599,SC1TS,1,13,TSCA,8.6,Y,NA
600,SC1TS,1,14,BEPA,15,Y,NA
601,SC1TS,1,15,FAGR,15.9,N ,3
602,SC1TS,1,16,FAGR,11.5,Y,NA
603,SC1TS,1,17,FAGR,10.5,Y,NA
604,SC1TS,1,18,FAGR,5,N,5
605,SC1TS,1,19,TSCA,8.1,Y,NA
606,SC1TS,1,20,QURU,33.5,Y,NA
607,SC1TS,1,21,FAGR,8.7,N,NA
608,SC1TS,1,22,TSCA,12.7,Y,NA
609,SC1TS,1,23,BEAL,14.2,Y,NA
610,SC1TS,1,24,BEAL,7.6,Y,NA
611,SC1TS,1,25,BEAL,7.6,N,1
612,SC1TS,1,26,BEAL,7.5,N,1
613,SC1TS,1,27,BEAL,8,N,1
614,SC1TS,2,1,TSCA,53.8,Y,NA
615,SC1TS,2,2,TSCA,30.9,Y,NA
616,SC1TS,2,3,ACRU,8.1,N,3
617,SC1TS,2,4,ACRU,8.6,Y,NA
618,SC1TS,2,5,ACRU,13.3,Y,NA
619,SC1TS,2,6,ACRU,16,Y,NA
620,SC1TS,2,7,BELE,22.5,Y,NA
621,SC1TS,2,8,TSCA,5.1,Y,NA
622,SC1TS,2,9,TSCA,6.1,N,0.5
623,SC1TS,2,10,ACRU,14,Y,NA
624,SC1TS,2,11,ACRU,14.9,Y,NA
625,SC1TS,2,12,TSCA,5.2,Y,NA
626,SC1TS,2,13,BEPA,12.4,Y,NA
627,SC1TS,2,14,TSCA,27.3,Y,NA
628,SC1TS,2,15,TSCA,38.2,N,1
629,SC1TS,2,16,TSCA,37.4,Y,NA
630,SC1TS,2,17,BELE,23.8,Y,NA
631,SC1TS,2,18,TSCA,5.1,Y,NA
632,SC1TS,2,19,BEPA,16.5,Y,NA
633,SC1TS,2,20,TSCA,9,Y,NA
634,SC1TS,2,21,TSCA,5,Y,NA
635,SC1TS,2,22,TSCA,6.7,Y,NA
636,SC1TS,3,1,TSCA,31.8,Y,NA
637,SC1TS,3,2,TSCA,23.5,Y,NA
638,SC1TS,3,3,TSCA,37,Y,NA
639,SC1TS,3,4,ACRU,20,Y,NA
640,SC1TS,3,5,TSCA,37.4,Y,NA
641,SC1TS,3,6,QURU,10.4,N,14
642,SC1TS,3,7,QURU,21.8,Y,NA
643,SC1TS,3,8,TSCA,11.9,Y,NA
644,SC1TS,3,9,QURU,20,Y,NA
645,SC1TS,3,10,BEPA,22.5,Y,NA
646,SC1TS,3,11,TSCA,13.5,Y,NA
647,SC1TS,3,12,BEPA,18.2,Y,NA
648,SC1TS,3,13,ACRU,21.7,Y,NA
649,SC1TS,3,14,TSCA,8.2,Y,NA
650,SC1TS,3,15,OSVI,7,Y,NA
651,SC1TS,3,16,ACSA,19.5,Y,NA
652,SC1TS,3,17,OSVI,5,Y,NA
653,SC1TS,3,18,BEPA,18.1,Y,NA
654,SC1TS,3,19,OSVI,6.8,Y,NA
655,SC1TS,3,20,TSCA,8,Y,NA
656,SC1TS,3,21,BELE,6.5,Y,NA
657,SC1TS,3,22,TSCA,8.9,Y,NA
658,SC1TS,3,23,ACRU,7.8,Y,NA
659,SC1TS,3,24,BEPA,11.3,Y,NA
660,SC1TS,3,25,BEPA,17.4,Y,NA
661,SC1TS,3,26,ACRU,6.1,Y,NA
662,SC1TS,3,27,TSCA,6.8,Y,NA
663,SC1TS,3,28,BELE,8,Y,NA
664,SC1TS,3,29,BEPA,18.4,Y,NA
665,SC1TS,4,1,TSCA,50.3,Y,NA
666,SC1TS,4,2,TSCA,14.8,Y,NA
667,SC1TS,4,3,TSCA,32.2,Y,NA
668,SC1TS,4,4,TSCA,20.1,Y,NA
669,SC1TS,4,5,TSCA,35.4,Y,NA
670,SC1TS,4,6,TSCA,20.1,Y,NA
671,SC1TS,4,7,TSCA,42,Y,NA
672,SC1TS,4,8,TSCA,29.5,Y,NA
673,SC1TS,4,9,TSCA,41,Y,NA
674,SC1TS,4,10,TSCA,37.7,Y,NA
675,SC1TS,4,11,TSCA,11.8,Y,NA
676,SC1TS,4,12,ACRU,6.9,N,6
677,SC1TS,4,13,FAGR,19.9,N,14
678,SC1TS,4,14,FAGR,24.4,N,2
679,SC1TS,4,15,TSCA,35.7,Y,NA
680,SC1TS,5,1,ACRU,20,Y,NA
681,SC1TS,5,2,BEPA,25.9,Y,NA
682,SC1TS,5,3,BEPA,15.3,Y,NA
683,SC1TS,5,4,ACRU,11.1,Y,NA
684,SC1TS,5,5,ACRU,16.1,Y,NA
685,SC1TS,5,6,ACRU,9.4,N,6
686,SC1TS,5,7,PRSE,10.6,N,7
687,SC1TS,5,8,TSCA,6.9,Y,NA
688,SC1TS,5,9,TSCA,63.9,Y,NA
689,SC1TS,5,10,ACRU,9.2,Y,NA
690,SC1TS,5,11,TSCA,26.2,Y,NA
691,SC1TS,5,12,TSCA,27.1,Y,NA
692,SC1TS,5,13,TSCA,6.2,Y,NA
693,SC1TS,5,14,PIST,14.6,N,15
694,SC1TS,5,15,PIST,7.1,N,7
695,SC1TS,5,16,TSCA,29.2,Y,NA
696,SC1TS,5,17,UNKNOWN,5.6,N,7
697,TS2MD,1,1,PIST,15.5,Y,NA
698,TS2MD,1,2,BEPA,14.3,N,4
699,TS2MD,1,3,PRSE,5.8,Y,NA
700,TS2MD,1,4,ACRU,11.6,Y,NA
701,TS2MD,1,5,BEPA,8.8,Y,NA
702,TS2MD,1,6,QURU,34.6,Y,NA
703,TS2MD,1,7,PIST,15,Y,NA
704,TS2MD,1,8,ACRU,8.8,Y,NA
705,TS2MD,1,9,UNKNOWN,7.5,N,1
706,TS2MD,1,10,ACRU,11.7,N,3
707,TS2MD,1,11,ACRU ,12,N,2
708,TS2MD,1,12,ACRU,20,Y,NA
709,TS2MD,1,13,PIST,9.3,N,3
710,TS2MD,1,14,QURU,22.5,Y,NA
711,TS2MD,1,15,BEPA,20,Y,NA
712,TS2MD,1,16,PIST,20.5,Y,NA
713,TS2MD,1,17,ACRU,25.8,Y,NA
714,TS2MD,1,18,BEPA,30,N,16
715,TS2MD,1,19, BEPA,17.8,N,16
716,TS2MD,2,1,ACRU,7,Y,NA
717,TS2MD,2,2,ACRU,8.7,Y,NA
718,TS2MD,2,3,ACRU,6.8,Y,NA
719,TS2MD,2,4,QURU,8,N,1.5
720,TS2MD,2,5,ACSA,5,Y,NA
721,TS2MD,2,6,QURU,13.4,Y,NA
722,TS2MD,2,7,QURU,12.1,N,10
723,TS2MD,2,8,QURU,32.9,Y,NA
724,TS2MD,2,9,PIST,15.1,Y,NA
725,TS2MD,2,10,PIST,13.4,Y,NA
726,TS2MD,2,11,ACRU,13.2,Y,NA
727,TS2MD,2,12,ACRU,12.6,Y,NA
728,TS2MD,2,13,ACRU,24.3,Y,NA
729,TS2MD,2,14,QURU,58.9,Y,NA
730,TS2MD,2,15,QURU,88.9,Y,NA
731,TS2MD,2,16,TSCA,26,Y,NA
732,TS2MD,2,17,TSCA,30,Y,NA
733,TS2MD,2,18,PIST,11.5,Y,NA
734,TS2MD,2,19,TSCA,11.9,Y,NA
735,TS2MD,3,1,QUAL,31,N,18
736,TS2MD,3,2,PIST,11.3,Y,NA
737,TS2MD,3,3,ACRU,18.7,Y,NA
738,TS2MD,3,4,PIST,9.7,Y,NA
739,TS2MD,3,5,QUAL,13.9,Y,NA
740,TS2MD,3,6,ACRU,5.2,Y,NA
741,TS2MD,3,7,ACRU,8.3,Y,NA
742,TS2MD,3,8,ACRU,11.2,Y,NA
743,TS2MD,3,9,QURU,30.6,Y,NA
744,TS2MD,3,10,ACRU,7.1,Y,NA
745,TS2MD,3,11,ACRU,8.4,Y,NA
746,TS2MD,3,12,ACRU,8.6,Y,NA
747,TS2MD,4,1,ACRU,16.5,Y,NA
748,TS2MD,4,2,ACRU,6.3,Y,NA
749,TS2MD,4,3,QUAL,16.2,Y,NA
750,TS2MD,4,4,PIST,7.8,Y,NA
751,TS2MD,4,5,QURU,26.3,Y,NA
752,TS2MD,4,6,PIST,18.4,Y,NA
753,TS2MD,4,7,PIST,18.8,Y,NA
754,TS2MD,4,8,PRSE,6.8,N,4
755,TS2MD,4,9,TSCA,64.9,Y,NA
756,TS2MD,4,10,ACRU,18,Y,NA
757,TS2MD,4,11,ACRU,14.6,Y,NA
758,TS2MD,4,12,ACRU,23.8,Y,NA
759,TS2MD,4,13,ACRU,22,Y,NA
760,TS2MD,4,14,PIST,20.6,Y,NA
761,TS2MD,4,15,QURU,10.7,Y,NA
762,TS2MD,4,16,BEPA,16.5,N,4
763,TS2MD,4,17,TSCA,13.6,Y,NA
764,TS2MD,5,1,ACRU,5.5,Y,NA
765,TS2MD,5,2,ACRU,10.7,Y,NA
766,TS2MD,5,3,ACRU,9.4,Y,NA
767,TS2MD,5,4,QURU,41.6,Y,NA
768,TS2MD,5,5,ACRU,14.1,Y,NA
769,TS2MD,5,6,BEPA,31.4,N,16
770,TS2MD,5,7,PIST,13.7,N,12
771,TS2MD,5,8,PIST,7.8,N,2
772,TS2MD,5,9,QURU,28.9,Y,NA
773,TS2MD,5,10,QURU,18,Y,NA
774,TS2MD,5,11,ACRU,12,Y,NA
775,TS2MD,5,12,ACRU,15.6,Y,NA
776,TS2MD,5,13,ACRU,17.8,Y,NA
777,TS2MD,5,14,QURU,14.8,N,12
778,TS2MD,5,15,QURU,40.4,Y,NA
779,TS2MD,5,16,QURU,12.5,N,10
780,TS2MD,5,17,PIST,14.3,Y,NA
781,TS2MD,5,18,ACRU,11.6,Y,NA
782,TS2MD,5,19,PIST,14.5,Y,NA
783,TS2MD,5,20,QURU,43.5,Y,NA
784,TS2MD,5,21,ACRU,9.1,Y,NA
785,TS2MD,5,22,ACRU,5,Y,NA
786,TS2MD,5,23,QURU,29,Y,NA
787,TS2MD,5,24,QURU,13.3,Y,NA
788,TS2TS,1,1,TSCA,21,Y,NA
789,TS2TS,1,2,ACRU,30.7,Y,NA
790,TS2TS,1,3,TSCA,17.7,Y,NA
791,TS2TS,1,4,TSCA,5.3,Y,NA
792,TS2TS,1,5,TSCA,47.6,Y,NA
793,TS2TS,1,6,TSCA,20.8,Y,NA
794,TS2TS,1,7,TSCA,25.2,Y,NA
795,TS2TS,1,8,TSCA,5.8,Y,NA
796,TS2TS,1,9,TSCA,7.8,Y,NA
797,TS2TS,1,10,ACRU,6.6,N,7
798,TS2TS,1,11,PIST,33.1,Y,NA
799,TS2TS,1,12,TSCA,26.2,Y,NA
800,TS2TS,1,13,TSCA,10.8,N,3
801,TS2TS,1,14,TSCA,7.9,Y,NA
802,TS2TS,1,15,TSCA,19.2,Y,NA
803,TS2TS,1,16,TSCA,22.9,Y,NA
804,TS2TS,1,17,TSCA,20,Y,NA
805,TS2TS,1,18,TSCA,12.2,Y,NA
806,TS2TS,1,19,TSCA,11.9,Y,NA
807,TS2TS,1,20,TSCA,13.9,Y,NA
808,TS2TS,1,21,TSCA,6.8,Y,NA
809,TS2TS,1,22,TSCA,5.4,Y,NA
810,TS2TS,1,23,ACRU,19.2,Y,NA
811,TS2TS,1,24,TSCA,15.4,Y,NA
812,TS2TS,1,25,TSCA,6,Y,NA
813,TS2TS,2,1,QUAL,11.3,N,4
814,TS2TS,2,2,ACRU,14.3,N,8
815,TS2TS,2,3,QUAL,26.6,Y,NA
816,TS2TS,2,4,TSCA,5.3,Y,NA
817,TS2TS,2,5,TSCA,15.1,Y,NA
818,TS2TS,2,6,TSCA,30.4,Y,NA
819,TS2TS,2,7,ACRU,5,Y,NA
820,TS2TS,2,8,ACRU,5.1,Y,NA
821,TS2TS,2,9,QUAL,47.1,Y,NA
822,TS2TS,2,10,TSCA,25.9,Y,NA
823,TS2TS,2,11,ACRU,6.1,N,5
824,TS2TS,2,12,TSCA,23.4,Y,NA
825,TS2TS,2,13,TSCA,28.9,Y,NA
826,TS2TS,3,1,TSCA,22.1,Y,NA
827,TS2TS,3,2,TSCA,20.2,Y,NA
828,TS2TS,3,3,TSCA,5.3,Y,NA
829,TS2TS,3,4,PIST,32.8,Y,NA
830,TS2TS,3,5,ACRU,6.9,Y,NA
831,TS2TS,3,6,CADE,6.2,Y,NA
832,TS2TS,3,7,QURU,56.5,Y,NA
833,TS2TS,3,8,ACRU,5.4,Y,NA
834,TS2TS,3,9,UNKNOWN,7.3,N,1.5
835,TS2TS,3,10,TSCA,17.7,Y,NA
836,TS2TS,3,11,TSCA,6.6,Y,NA
837,TS2TS,3,12,ACRU,16.6,Y,NA
838,TS2TS,3,13,QUAL,14.9,Y,NA
839,TS2TS,3,14,ACRU,6.8,Y,NA
840,TS2TS,3,15,TSCA,27.7,Y,NA
841,TS2TS,3,16,TSCA,28.5,Y,NA
842,TS2TS,3,17,TSCA,6.7,Y,NA
843,TS2TS,4,1,TSCA,30.2,Y,NA
844,TS2TS,4,2,TSCA,39.3,Y,NA
845,TS2TS,4,3,TSCA,34.7,Y,NA
846,TS2TS,4,4,TSCA,29.2,Y,NA
847,TS2TS,4,5,TSCA,18.9,Y,NA
848,TS2TS,4,6,TSCA,15.9,Y,NA
849,TS2TS,4,7,TSCA,11.6,Y,NA
850,TS2TS,4,8,TSCA,30,Y,NA
851,TS2TS,4,9,TSCA,9.4,N,7
852,TS2TS,4,10,TSCA,9.3,N,7
853,TS2TS,4,11,TSCA,19,Y,NA
854,TS2TS,4,12,TSCA,19.2,Y,NA
855,TS2TS,4,13,TSCA,14.8,Y,NA
856,TS2TS,4,14,QUAL,16.7,N,12
857,TS2TS,4,15,TSCA,7.5,Y,NA
858,TS2TS,4,16,TSCA,8.1,Y,NA
859,TS2TS,4,17,TSCA,28.7,Y,NA
860,TS2TS,4,18,TSCA,16.2,Y,NA
861,TS2TS,4,19,QUAL,31.5,Y,NA
862,TS2TS,4,20,ACRU,15.2,Y,NA
863,TS2TS,4,21,TSCA,5.2,Y,NA
864,TS2TS,4,22,QUAL,10.6,N,12
865,TS2TS,4,23,QUAL,8.6,N,12
866,TS2TS,4,24,QUAL,12,Y,NA
867,TS2TS,4,25,TSCA,7.6,Y,NA
868,TS2TS,4,26,TSCA,10.3,Y,NA
869,TS2TS,4,27,ACRU,22.7,Y,NA
870,TS2TS,4,28,PIST,14.3,N,10
871,TS2TS,4,29,QURU,23.6,Y,NA
872,TS2TS,4,30,TSCA,5.2,Y,NA
873,TS2TS,4,31,TSCA,22.5,Y,NA
874,TS2TS,4,32,QURU,12.9,Y,NA
875,TS2TS,5,1,TSCA,33.5,Y,NA
876,TS2TS,5,2,BEPA,13.7,Y,NA
877,TS2TS,5,3,ACRU,18.5,Y,NA
878,TS2TS,5,4,PIST,7.8,N,6
879,TS2TS,5,5,PIST,16.5,Y,NA
880,TS2TS,5,6,PIST,14,Y,NA
881,TS2TS,5,7,TSCA,22.5,Y,NA
882,TS2TS,5,8,TSCA,9.5,Y,NA
883,TS2TS,5,9,TSCA,19.4,Y,NA
884,TS2TS,5,10,TSCA,10.3,Y,NA
885,TS2TS,5,11,ACRU,16.2,Y,NA
886,TS2TS,5,12,TSCA,16.2,Y,NA
887,TS2TS,5,13,TSCA,18.1,Y,NA
888,TS2TS,5,14,TSCA,27.4,Y,NA
889,TS2TS,5,15,TSCA,37.6,Y,NA
890,TS2TS,5,16,TSCA,9.8,N,7
891,TS2TS,5,17,ACRU,9.1,N,3
892,TS2TS,5,18,TSCA,5.2,Y,NA
893,TS2TS,5,19,TSCA,31.4,Y,NA
894,TS2TS,5,20,TSCA,6.7,Y,NA
895,TS2TS,5,21,TSCA,29,Y,NA
896,TS2TS,5,22,TSCA,25.5,Y,NA
897,TS2TS,5,23,TSCA,17,Y,NA
898,TS2TS,5,24,TSCA,13,Y,NA
899,TS2TS,5,25,TSCA,19.5,Y,NA
900,TS2TS,5,26,PIST,41.3,Y,NA
901,TS2TS,5,27,TSCA,7.4,Y,NA
902,TS2TS,5,28,TSCA,18.5,Y,NA
903,TS2TS,5,29,ACRU,6.8,Y,NA
904,TS2TS,5,30,ACRU,15.1,Y,NA
905,TS2TS,5,31,BEPA,16.7,Y,NA
906,TS2TS,5,32,TSCA,23.5,Y,NA
907,TS2TS,5,33,PIST,16.2,N,14
908,TS2TS,5,34,ACRU,15.4,Y,NA
909,TS1TS,1,1,BELE,23.9,Y,NA
910,TS1TS,1,2,QURU,44.4,Y,NA
911,TS1TS,1,3,FAGR,33.5,Y,NA
912,TS1TS,1,4,TSCA,7.2,N,5
913,TS1TS,1,5,ACRU,27.8,Y,NA
914,TS1TS,1,6,TSCA,5,Y,NA
915,TS1TS,1,7,QURU,54.3,Y,NA
916,TS1TS,1,8,TSCA,26.3,Y,NA
917,TS1TS,1,9,TSCA,22.1,Y,NA
918,TS1TS,1,10,TSCA,14.9,Y,NA
919,TS1TS,1,11,TSCA,41.7,Y,NA
920,TS1TS,1,12,QURU,28.4,Y,NA
921,TS1TS,1,13,TSCA,7.7,Y,NA
922,TS1TS,2,1,TSCA,6,Y,NA
923,TS1TS,2,2,QURU,32.1,Y,NA
924,TS1TS,2,3,TSCA,13.1,Y,NA
925,TS1TS,2,4,TSCA,14.5,Y,NA
926,TS1TS,2,5,TSCA,27.2,Y,NA
927,TS1TS,2,6,TSCA,5.4,Y,NA
928,TS1TS,2,7,TSCA,8.8,N,8
929,TS1TS,2,8,TSCA,11.5,Y,NA
930,TS1TS,2,9,TSCA,13,Y,NA
931,TS1TS,2,10,TSCA,6.3,Y,NA
932,TS1TS,2,11,UNKNOWN,15.3,N,4
933,TS1TS,2,12,TSCA,9,Y,NA
934,TS1TS,2,13,TSCA,12.3,Y,NA
935,TS1TS,2,14,QUAL,45.9,Y,NA
936,TS1TS,2,15,TSCA,9.7,Y,NA
937,TS1TS,2,16,FAGR,13.5,Y,NA
938,TS1TS,2,17,UNKNOWN,29.3,N,NA
939,TS1TS,2,18,TSCA,38.5,Y,NA
940,TS1TS,2,19,QURU,34.7,Y,NA
941,TS1TS,2,20,BELE,13.7,Y,NA
942,TS1TS,2,21,TSCA,37.6,Y,NA
943,TS1TS,2,22,TSCA,64.7,N,2
944,TS1TS,3,1,TSCA,23.7,Y,NA
945,TS1TS,3,2,BELE,23.2,Y,NA
946,TS1TS,3,3,BELE,28.6,Y,NA
947,TS1TS,3,4,TSCA,13.2,N,8
948,TS1TS,3,5,TSCA,15.3,N,8
949,TS1TS,3,6,TSCA,43,N,3
950,TS1TS,3,7,UNKNOWN,10,N,8
951,TS1TS,3,8,BELE,27.6,Y,NA
952,TS1TS,3,9,TSCA,31.6,Y,NA
953,TS1TS,3,10,TSCA,5,Y,NA
954,TS1TS,4,1,TSCA,51.7,Y,NA
955,TS1TS,4,2,TSCA,9.3,Y,NA
956,TS1TS,4,3,TSCA,5.7,Y,NA
957,TS1TS,4,4,TSCA,45.9,Y,NA
958,TS1TS,4,5,TSCA,22.8,Y,NA
959,TS1TS,4,6,TSCA,6,Y,NA
960,TS1TS,4,7,TSCA,47.6,Y,NA
961,TS1TS,4,8,TSCA,5.7,Y,NA
962,TS1TS,4,9,TSCA,17.7,Y,NA
963,TS1TS,4,10,TSCA,26.2,Y,NA
964,TS1TS,4,11,TSCA,7.2,Y,NA
965,TS1TS,4,12,TSCA,7.5,Y,NA
966,TS1TS,5,1,ACRU,29.9,Y,NA
967,TS1TS,5,2,TSCA,18,Y,NA
968,TS1TS,5,3,TSCA,8.8,Y,NA
969,TS1TS,5,4,TSCA,14.2,Y,NA
970,TS1TS,5,5,BELE,30.2,Y,NA
971,TS1TS,5,6,TSCA,10.2,Y,NA
972,TS1TS,5,7,TSCA,10.3,Y,NA
973,TS1TS,5,8,TSCA,14.5,Y,NA
974,TS1TS,5,9,BELE,46.9,Y,NA
975,TS1TS,5,10,PIST,81.2,Y,NA
976,TS1TS,5,11,TSCA,12.2,Y,NA
977,TS1TS,5,12,BELE,15.2,Y,NA
978,TS1TS,5,13,TSCA,22.2,Y,NA
979,TS1TS,5,14,TSCA,65.5,Y,NA
980,TS1MD,1,1,ACRU,5.3,Y,NA
981,TS1MD,1,2,ACRU,11.2,Y,NA
982,TS1MD,1,3,ACRU,5.2,Y,NA
983,TS1MD,1,4,QURU,24.8,Y,NA
984,TS1MD,1,5,QUVE,22.9,Y,NA
985,TS1MD,1,6,ACRU,6.2,Y,NA
986,TS1MD,1,7,QUVE,19.2,Y,NA
987,TS1MD,1,8,PIST,14.9,Y,NA
988,TS1MD,1,9,QUVE,17.2,N,14
989,TS1MD,1,10,PIST,6.7,Y,NA
990,TS1MD,1,11,ACRU,8.4,Y,NA
991,TS1MD,1,12,ACRU,8.1,Y,NA
992,TS1MD,1,13,QUAL,16.2,Y,NA
993,TS1MD,1,14,PIST,9.4,Y,NA
994,TS1MD,1,15,ACRU,5.3,Y,NA
995,TS1MD,1,16,ACRU,5.7,N,7
996,TS1MD,1,17,TSCA,9.2,Y,NA
997,TS1MD,1,18,TSCA,13.5,Y,NA
998,TS1MD,1,19,ACRU,8.4,Y,NA
999,TS1MD,1,20,TSCA,26.1,Y,NA
1000,TS1MD,1,21,QURU,25,Y,NA
1001,TS1MD,1,22,PIST,12.6,Y,NA
1002,TS1MD,1,23,QUVE,13.5,Y,NA
1003,TS1MD,1,24,ACRU,11.5,Y,NA
1004,TS1MD,1,25,QURU,16.2,Y,NA
1005,TS1MD,1,26,ACRU,9.4,Y,NA
1006,TS1MD,1,27,QUVE,16.5,Y,NA
1007,TS1MD,1,28,QURU,25.2,Y,NA
1008,TS1MD,1,29,QUVE,12,Y,NA
1009,TS1MD,1,30,BEPA,15.4,Y,NA
1010,TS1MD,1,31,TSCA,13.8,Y,NA
1011,TS1MD,1,32,TSCA,5.3,Y,NA
1012,TS1MD,1,33,ACRU,5,Y,NA
1013,TS1MD,1,34,QURU,14.4,Y,NA
1014,TS1MD,2,1,QURU,21.8,Y,NA
1015,TS1MD,2,2,BELE,5.5,Y,NA
1016,TS1MD,2,3,UNKNOWN,5,N,5
1017,TS1MD,2,4,QUAL,21.8,Y,NA
1018,TS1MD,2,5,QUAL,15.7,Y,NA
1019,TS1MD,2,6,QUVE,24.1,Y,NA
1020,TS1MD,2,7,PIST,10,Y,NA
1021,TS1MD,2,8,QUAL,10.9,N,7
1022,TS1MD,2,9,QUAL,22.9,Y,NA
1023,TS1MD,2,10,QURU,20,Y,NA
1024,TS1MD,2,11,QURU,23.5,Y,NA
1025,TS1MD,2,12,QUAL,11,N,7
1026,TS1MD,2,13,PIST,9.3,Y,NA
1027,TS1MD,2,14,PIST,19,Y,NA
1028,TS1MD,2,15,QUAL,18.6,Y,NA
1029,TS1MD,2,16,QUAL,6.5,N,1.5
1030,TS1MD,2,17,QUAL,11.3,Y,NA
1031,TS1MD,2,18,TSCA,8.9,Y,NA
1032,TS1MD,2,19,PODE,15.7,Y,NA
1033,TS1MD,2,20,ACRU,10.7,Y,NA
1034,TS1MD,2,21,QUAL,10.8,Y,NA
1035,TS1MD,2,22,ACRU,12.2,Y,NA
1036,TS1MD,2,23,ACRU,7.3,Y,NA
1037,TS1MD,2,24,ACRU,5.2,N,5
1038,TS1MD,2,25,ACRU,10.4,Y,NA
1039,TS1MD,2,26,TSCA,24,Y,NA
1040,TS1MD,2,27,TSCA,9.7,Y,NA
1041,TS1MD,2,28,BELE,17.8,Y,NA
1042,TS1MD,3,1,PIST,13,Y,NA
1043,TS1MD,3,2,PIST,7.2,Y,NA
1044,TS1MD,3,3,PIST,12.1,Y,NA
1045,TS1MD,3,4,PIST,6.7,Y,NA
1046,TS1MD,3,5,PIST,11.3,Y,NA
1047,TS1MD,3,6,QURU,9.5,N,10
1048,TS1MD,3,7,PIST,14.2,Y,NA
1049,TS1MD,3,8,QUAL,13,Y,NA
1050,TS1MD,3,9,PIST,6.2,Y,NA
1051,TS1MD,3,10,PIST,6.6,Y,NA
1052,TS1MD,3,11,ACRU,6.7,Y,NA
1053,TS1MD,3,12,PIST,6.7,Y,NA
1054,TS1MD,3,13,ACRU,5.3,N,3
1055,TS1MD,3,14,PIST,5.9,N,2
1056,TS1MD,3,15,QUAL,33.1,Y,NA
1057,TS1MD,3,16,ACRU,9.2,Y,NA
1058,TS1MD,3,17,PIST,5.2,N,6
1059,TS1MD,3,18,ACRU,6.3,Y,NA
1060,TS1MD,3,19,QURU,22.5,Y,NA
1061,TS1MD,3,20,QUAL,13.9,Y,NA
1062,TS1MD,3,21,QURU,13.2,Y,NA
1063,TS1MD,3,22,QURU,32.2,Y,NA
1064,TS1MD,3,23,ACRU,5.1,Y,NA
1065,TS1MD,3,24,PIST,13.4,Y,NA
1066,TS1MD,3,25,PIST,10,Y,NA
1067,TS1MD,3,26,PIST,22.6,Y,NA
1068,TS1MD,3,27,QUAL,10.3,Y,NA
1069,TS1MD,3,28,QURU,19.7,Y,NA
1070,TS1MD,3,29,QURU,19.8,Y,NA
1071,TS1MD,3,30,CADE,5.7,N,8
1072,TS1MD,3,31,ACRU,5.9,Y,NA
1073,TS1MD,3,32,QURU,7,N,8
1074,TS1MD,3,33,QURU,6.5,N,4
1075,TS1MD,3,34,QUAL,37.3,Y,NA
1076,TS1MD,3,35,PIST,8.2,N,9
1077,TS1MD,3,36,PIST,7.6,N,8
1078,TS1MD,3,37,PIST,11.1,Y,NA
1079,TS1MD,3,38,PIST,17.6,Y,NA
1080,TS1MD,3,39,PIST,10.4,Y,NA
1081,TS1MD,3,40,PIST,13.7,Y,NA
1082,TS1MD,3,41,PIST,8,N,6
1083,TS1MD,4,1,ACRU,5,N,5
1084,TS1MD,4,2,PIST,6.8,N,6
1085,TS1MD,4,3,PIST,18,Y,NA
1086,TS1MD,4,4,QUVE,20.1,Y,NA
1087,TS1MD,4,5,PIST,9.1,Y,NA
1088,TS1MD,4,6,ACRU,30,Y,NA
1089,TS1MD,4,7,UNKN,8.8,N,6
1090,TS1MD,4,8,PIST,5.4,N,4
1091,TS1MD,4,9,TSCA,22.3,Y,NA
1092,TS1MD,4,10,PIST,7.2,N,5
1093,TS1MD,4,11,PIST,7.2,Y,NA
1094,TS1MD,4,12,PIST,15.5,Y,NA
1095,TS1MD,4,13,ACRU,32.9,Y,NA
1096,TS1MD,4,14,TSCA,22,Y,NA
1097,TS1MD,4,15,PIST,5.9,Y,NA
1098,TS1MD,4,16,PIST,9.5,N,4
1099,TS1MD,4,17,PIST,7.1,N,3
1100,TS1MD,4,18,PODE,15.3,Y,NA
1101,TS1MD,4,19,ACRU,6.8,N,7
1102,TS1MD,4,20,ACRU,9.8,Y,NA
1103,TS1MD,4,21,TSCA,25.5,Y,NA
1104,TS1MD,4,22,ACRU,9.3,Y,NA
1105,TS1MD,4,23,ACRU,9,Y,NA
1106,TS1MD,4,24,ACRU,9.1,Y,NA
1107,TS1MD,4,25,ACRU,11.4,Y,NA
1108,TS1MD,4,26,TSCA,7.2,Y,NA
1109,TS1MD,4,27,PIST,6.8,N,6
1110,TS1MD,4,28,ACRU,12.2,Y,NA
1111,TS1MD,4,29,TSCA,10.5,Y,NA
1112,TS1MD,4,30,ACRU,13.5,Y,NA
1113,TS1MD,4,31,ACRU,10.5,Y,NA
1114,TS1MD,4,32,QURU,23.8,Y,NA
1115,TS1MD,4,33,ACRU,7.8,Y,NA
1116,TS1MD,4,34,BELE,12.5,Y,NA
1117,TS1MD,4,35,BEAL,8,Y,NA
1118,TS1MD,5,1,QUVE,24,Y,NA
1119,TS1MD,5,2,QUVE,23.3,Y,NA
1120,TS1MD,5,3,QUVE,19.8,Y,NA
1121,TS1MD,5,4,PIST,15.8,Y,NA
1122,TS1MD,5,5,PIST,18.6,Y,NA
1123,TS1MD,5,6,ACRU,5.9,Y,NA
1124,TS1MD,5,7,ACRU,13.2,Y,NA
1125,TS1MD,5,8,ACRU,11.9,N,2
1126,TS1MD,5,9,PIST,6.2,Y,NA
1127,TS1MD,5,10,PIST,13.2,Y,NA
1128,TS1MD,5,11,PIST,6.3,Y,NA
1129,TS1MD,5,12,QUAL,29.6,Y,NA
1130,TS1MD,5,13,ACRU,21.5,Y,NA
1131,TS1MD,5,14,QUAL,33.7,Y,NA
1132,TS1MD,5,15,QURU,7.5,N,8
1133,TS1MD,5,16,PIST,13,Y,NA
1134,TS1MD,5,17,QUAL,13.2,N,7
1135,TS1MD,5,18,PIST,10.1,Y,NA
1136,TS1MD,5,19,PIST,5,Y,NA
1137,TS1MD,5,20,QUAL,17.7,Y,NA
1138,TS1MD,5,21,QURU,10.2,N,10
1139,TS1MD,5,22,QUVE,24.9,Y,NA
1140,TS1MD,5,23,TSCA,11.4,Y,NA
1141,TS1MD,5,24,PIST,8,Y,NA
1142,TS1MD,5,25,PIST,9.1,Y,NA
1143,TS1MD,5,26,QURU,8.7,Y,NA
1144,TS1MD,5,27,QURU,22.6,Y,NA
1145,TS1MD,5,28,PIST,17.1,Y,NA
1146,TS1MD,5,29,QUVE,25.5,Y,NA
1147,TS1MD,5,30,PIST,9.3,Y,NA
1148,TS1MD,5,31,QURU,10.3,Y,NA
1149,TS1MD,5,32,PIST,5,Y,NA
1150,PHTS,1,1,TSCA,34.2,Y,NA
1151,PHTS,1,2,TSCA,24.9,Y,NA
1152,PHTS,1,3,TSCA,15.7,Y,NA
1153,PHTS,1,4,ACRU,8.8,Y,NA
1154,PHTS,1,5,ACRU,25,Y,NA
1155,PHTS,1,6,TSCA,6.8,N,1.5
1156,PHTS,1,7,TSCA,6.8,N,0.5
1157,PHTS,1,8,TSCA,43.5,Y,NA
1158,PHTS,1,9,TSCA,42,Y,NA
1159,PHTS,1,10,TSCA,6.1,Y,NA
1160,PHTS,1,11,TSCA,35.4,Y,NA
1161,PHTS,1,12,TSCA,35.2,Y,NA
1162,PHTS,1,13,BELE,18.7,Y,NA
1163,PHTS,1,14,ACRU,18.2,Y,NA
1164,PHTS,1,15,TSCA,10.9,Y,NA
1165,PHTS,2,1,TSCA,42.4,Y,NA
1166,PHTS,2,2,TSCA,29.3,Y,NA
1167,PHTS,2,3,TSCA,24.5,Y,NA
1168,PHTS,2,4,TSCA,17.5,Y,NA
1169,PHTS,2,5,PIST,55,Y,NA
1170,PHTS,2,6,TSCA,35.7,Y,NA
1171,PHTS,2,7,TSCA,22.6,Y,NA
1172,PHTS,2,8,TSCA,14.6,Y,NA
1173,PHTS,2,9,UNKNOWN,9.9,N,6
1174,PHTS,2,10,TSCA,15.6,Y,NA
1175,PHTS,2,11,TSCA,11.7,Y,NA
1176,PHTS,2,12,UNKNOWN,16,N,1.5
1177,PHTS,3,1,TSCA,26,Y,NA
1178,PHTS,3,2,TSCA,14,Y,NA
1179,PHTS,3,3,TSCA,27.6,Y,NA
1180,PHTS,3,4,TSCA,15.3,Y,NA
1181,PHTS,3,5,TSCA,21.6,Y,NA
1182,PHTS,3,6,TSCA,18.7,Y,NA
1183,PHTS,3,7,TSCA,23.7,Y,NA
1184,PHTS,3,8,TSCA,12.6,Y,NA
1185,PHTS,3,9,TSCA,39.5,Y,NA
1186,PHTS,3,10,TSCA,18,Y,NA
1187,PHTS,3,11,TSCA,26.3,Y,NA
1188,PHTS,3,12,TSCA,10.7,Y,NA
1189,PHTS,3,13,PIST,40.7,Y,NA
1190,PHTS,3,14,TSCA,33.7,Y,NA
1191,PHTS,3,15,TSCA,40.9,Y,NA
1192,PHTS,3,16,PIST,16,N,10
1193,PHTS,3,17,BELE,32.5,Y,NA
1194,PHTS,3,18,TSCA,10.2,N,2
1195,PHTS,4,1,#VALUE!,39.6,Y,NA
1196,PHTS,4,2,PIST,55.9,Y,NA
1197,PHTS,4,3,PIST,66.2,Y,NA
1198,PHTS,4,4,PIST,32.7,Y,NA
1199,PHTS,4,5,TSCA,41.1,N,14
1200,PHTS,4,6,PIST,47.5,Y,NA
1201,PHTS,4,7,PIST,57.7,Y,NA
1202,PHTS,4,8,TSCA,13,Y,NA
1203,PHTS,4,9,TSCA,22.2,N,12
1204,PHTS,4,10,TSCA,22.8,Y,NA
1205,PHTS,4,11,TSCA,20.3,Y,NA
1206,PHTS,4,12,TSCA,36.5,Y,NA
1207,PHTS,4,13,TSCA,22.6,N,2
1208,PHTS,4,14,TSCA,10,N,2.5
1209,PHTS,5,1,PIST,55.7,Y,NA
1210,PHTS,5,2,TSCA,14,Y,NA
1211,PHTS,5,3,TSCA,9,N,1
1212,PHTS,5,4,UNKNOWN,7,N,1.5
1213,PHTS,5,5,TSCA,21,Y,NA
1214,PHTS,5,6,TSCA,13.3,N,12
1215,PHTS,5,7,TSCA,18,Y,NA
1216,PHTS,5,8,TSCA,28.3,Y,NA
1217,PHTS,5,9,TSCA,14,N,1.5
1218,PHTS,5,10,TSCA,14.6,N,8
1219,PHTS,5,11,PIST,48.5,Y,NA
1220,PHTS,5,12,TSCA,31.3,Y,NA
1221,PHTS,5,13,TSCA,30.7,Y,NA
1222,PHTS,5,14,TSCA,28.9,Y,NA
1223,PHTS,5,15,TSCA,25.1,Y,NA
1224,PHMD,1,1,QUVE,21.3,Y,NA
1225,PHMD,1,2,QUVE,7.4,N,7
1226,PHMD,1,3,QUVE,18.7,Y,NA
1227,PHMD,1,4,QUVE,13.8,Y,NA
1228,PHMD,1,5,ACRU,7.7,Y,NA
1229,PHMD,1,6,ACRU,12.2,Y,NA
1230,PHMD,1,7,ACRU,5.4,Y,NA
1231,PHMD,1,8,ACRU,7.6,Y,NA
1232,PHMD,1,9,ACRU,9.1,Y,NA
1233,PHMD,1,10,QUVE,12.9,Y,NA
1234,PHMD,1,11,QUVE,20.1,Y,NA
1235,PHMD,1,12,QUVE,14.2,Y,NA
1236,PHMD,1,13,QUVE,11.8,Y,NA
1237,PHMD,1,14,QUVE,17.5,Y,NA
1238,PHMD,1,15,QUVE,8.9,N,8
1239,PHMD,1,16,QUVE,19.5,Y,NA
1240,PHMD,1,17,QUVE,16.1,Y,NA
1241,PHMD,1,18,QUVE,8.1,N,6
1242,PHMD,1,19,QUVE,8.4,Y,NA
1243,PHMD,1,20,QUVE,13.7,Y,NA
1244,PHMD,1,21,QUVE,9.5,N,8
1245,PHMD,1,22,ACRU,7.6,Y,NA
1246,PHMD,1,23,ACRU,10,N,8
1247,PHMD,1,24,QUVE,12.3,Y,NA
1248,PHMD,1,25,ACRU,8,Y,NA
1249,PHMD,1,26,ACRU,9.3,Y,NA
1250,PHMD,1,27,BELE,5.4,Y,NA
1251,PHMD,1,28,BEPA,16.9,N,4
1252,PHMD,2,1,QUVE,18.9,Y,NA
1253,PHMD,2,2,QURU,19.9,Y,NA
1254,PHMD,2,3,ACRU,7.4,Y,NA
1255,PHMD,2,4,ACRU,6.2,Y,NA
1256,PHMD,2,5,ACRU,14.9,Y,NA
1257,PHMD,2,6,UNKNOWN,5.6,N,5
1258,PHMD,2,7,QUVE,12.4,Y,NA
1259,PHMD,2,8,QUVE,12,Y,NA
1260,PHMD,2,9,QUVE,10.6,Y,NA
1261,PHMD,2,10,QUVE,5.1,N,3
1262,PHMD,2,11,QUVE,7.4,Y,NA
1263,PHMD,2,12,QUVE,15.9,Y,NA
1264,PHMD,2,13,QUVE,9.7,Y,NA
1265,PHMD,2,14,QUVE,11.2,Y,NA
1266,PHMD,2,15,QUVE,9.2,Y,NA
1267,PHMD,2,16,QUVE,9.3,N,8
1268,PHMD,2,17,QUVE,9.1,Y,NA
1269,PHMD,2,18,QUVE,12.1,Y,NA
1270,PHMD,2,19,QUVE,15,Y,NA
1271,PHMD,2,20,QUVE,18.1,Y,NA
1272,PHMD,2,21,QUVE,16.8,Y,NA
1273,PHMD,2,22,QUVE,9.7,N,10
1274,PHMD,2,23,FAGR,12,Y,NA
1275,PHMD,2,24,FAGR,8.4,Y,NA
1276,PHMD,2,25,QUVE,9,N,10
1277,PHMD,2,26,QUVE,10.5,N,10
1278,PHMD,2,27,QUVE,10.4,Y,NA
1279,PHMD,2,28,QUVE,15.3,Y,NA
1280,PHMD,2,29,QUVE,10.8,N,10
1281,PHMD,2,30,QUVE,12.5,Y,NA
1282,PHMD,2,31,ACRU,5.1,Y,NA
1283,PHMD,2,32,ACRU,5.5,Y,NA
1284,PHMD,2,33,ACRU,5.3,Y,NA
1285,PHMD,2,34,QUVE,7.1,Y,NA
1286,PHMD,2,35,QUVE,5.5,N,6
1287,PHMD,2,36,QUVE,9.6,Y,NA
1288,PHMD,2,37,FAGR,6.4,Y,NA
1289,PHMD,3,1,QUVE,13.3,Y,NA
1290,PHMD,3,2,QUVE,14.4,Y,NA
1291,PHMD,3,3,QUVE,17.5,Y,NA
1292,PHMD,3,4,ACRU,7,Y,NA
1293,PHMD,3,5,QUVE,11.7,Y,NA
1294,PHMD,3,6,QUVE,13.5,Y,NA
1295,PHMD,3,7,QUVE,15.5,Y,NA
1296,PHMD,3,8,QUVE,12.5,Y,NA
1297,PHMD,3,9,QUVE,12,Y,NA
1298,PHMD,3,10,ACRU,5.3,Y,NA
1299,PHMD,3,11,ACRU,7.9,Y,NA
1300,PHMD,3,12,ACRU,8.4,Y,NA
1301,PHMD,3,13,CADE,6.6,Y,NA
1302,PHMD,3,14,CADE,5.7,N,4
1303,PHMD,3,15,QUVE,10.6,Y,NA
1304,PHMD,3,16,QUVE,13.3,Y,NA
1305,PHMD,3,17,QUVE,15.3,Y,NA
1306,PHMD,3,18,QUVE,15.8,Y,NA
1307,PHMD,3,19,QUVE,13.5,Y,NA
1308,PHMD,3,20,BEPA,7.6,N,1
1309,PHMD,3,21,ACRU,6.8,Y,NA
1310,PHMD,3,22,QUVE,12.4,Y,NA
1311,PHMD,3,23,QUVE,10.7,Y,NA
1312,PHMD,3,24,UNKNOWN,5.3,N,5
1313,PHMD,3,25,QUVE,12.7,Y,NA
1314,PHMD,3,26,QUVE,11.2,Y,NA
1315,PHMD,3,27,QUVE,5.2,N,2
1316,PHMD,3,28,QUVE,17.7,Y,NA
1317,PHMD,3,29,QUAL,10.1,Y,NA
1318,PHMD,3,30,UNKNOWN,5,N,6
1319,PHMD,3,31,QUVE,12.3,Y,NA
1320,PHMD,3,32,QUVE,8,N,8
1321,PHMD,3,33,ACRU,5.5,Y,NA
1322,PHMD,3,34,PIST,11.4,Y,NA
1323,PHMD,3,35,QUVE,11.4,Y,NA
1324,PHMD,3,36,QUVE,5.1,N,6
1325,PHMD,4,1,BEPO,7.3,N,3
1326,PHMD,4,2,PIST,10.9,Y,NA
1327,PHMD,4,3,QUVE,17.4,Y,NA
1328,PHMD,4,4,QUVE,14.7,Y,NA
1329,PHMD,4,5,QUVE,17.2,Y,NA
1330,PHMD,4,6,QUVE,21.7,Y,NA
1331,PHMD,4,7,ACRU,12.2,Y,NA
1332,PHMD,4,8,QUVE,13.1,Y,NA
1333,PHMD,4,9,FAGR,24.8,Y,NA
1334,PHMD,4,10,FAGR,9.2,Y,NA
1335,PHMD,4,11,FAGR,8.8,Y,NA
1336,PHMD,4,12,FAGR,6.1,Y,NA
1337,PHMD,4,13,ACRU,5.7,N,2
1338,PHMD,4,14,ACRU,6.7,N,4
1339,PHMD,4,15,ACRU,11,Y,NA
1340,PHMD,4,16,BEPA,10.7,Y,NA
1341,PHMD,4,17,BEPA,6.9,Y,NA
1342,PHMD,4,18,BEPA,11.5,Y,NA
1343,PHMD,4,19,BEPO,7.7,N,3
1344,PHMD,4,20,BELE,7.6,Y,NA
1345,PHMD,4,21,QUVE,9.2,Y,NA
1346,PHMD,4,22,QUVE,18.6,Y,NA
1347,PHMD,4,23,PIST,6.1,Y,NA
1348,PHMD,4,24,BEPA,8.9,N,8
1349,PHMD,4,25,QUVE,8.8,Y,NA
1350,PHMD,4,26,BEPA,8.3,Y,NA
1351,PHMD,5,1,ACRU,9,Y,NA
1352,PHMD,5,2,ACRU,13,Y,NA
1353,PHMD,5,3,ACRU,8.3,Y,NA
1354,PHMD,5,4,ACRU,8.5,Y,NA
1355,PHMD,5,5,ACRU,8,Y,NA
1356,PHMD,5,6,QUVE,14,Y,NA
1357,PHMD,5,7,QUVE,16.1,Y,NA
1358,PHMD,5,8,QUVE,14.9,Y,NA
1359,PHMD,5,9,QUVE,12.3,Y,NA
1360,PHMD,5,10,QUVE,6,N,2
1361,PHMD,5,11,QUVE,25.3,Y,NA
1362,PHMD,5,12,BEPA,14.8,Y,NA
1363,PHMD,5,13,BEPA,13.1,Y,NA
1364,PHMD,5,14,BEPA,11,Y,NA
1365,PHMD,5,15,BEPA,5.9,Y,NA
1366,PHMD,5,16,QUVE,17.3,Y,NA
1367,PHMD,5,17,QUVE,16.5,Y,NA
1368,PHMD,5,18,QUVE,14.9,Y,NA
1369,PHMD,5,19,QUVE,11.1,Y,NA
1370,PHMD,5,20,QUVE,17.4,Y,NA
1371,PHMD,5,21,ACRU,11.4,Y,NA
1372,PHMD,5,22,ACRU,5,N,5
1373,PHMD,5,23,ACRU,12.9,Y,NA
1374,PHMD,5,24,ACRU,12.7,Y,NA
1375,PHMD,5,25,ACRU,7.1,Y,NA
1376,PHMD,5,26,QUVE,16.3,Y,NA
1377,PHMD,5,27,QUVE,10.7,Y,NA
1378,PHMD,5,28,CADE,6.3,N,8
1379,BHTS,1,1,ACRU,22,Y,NA
1380,BHTS,1,2,ACRU,21.7,Y,NA
1381,BHTS,1,3,TSCA,19.2,Y,NA
1382,BHTS,1,4,TSCA,5.4,Y,NA
1383,BHTS,1,5,TSCA,15.9,Y,NA
1384,BHTS,1,6,TSCA,12.7,Y,NA
1385,BHTS,1,7,TSCA,9.7,Y,NA
1386,BHTS,1,8,ACRU,17,N,3
1387,BHTS,1,9,TSCA,26.5,Y,NA
1388,BHTS,1,10,TSCA,16.7,Y,NA
1389,BHTS,1,11,TSCA,7.1,Y,NA
1390,BHTS,1,12,PISPP,11.2,Y,NA
1391,BHTS,1,13,PISPP,7.7,N,6
1392,#VALUE!,1,14,PISPP,30.3,Y,NA
1393,BHTS,1,15,TSCA,26.4,Y,NA
1394,BHTS,1,16,BEPA,23.2,Y,NA
1395,BHTS,1,17,BEPA,25,Y,NA
1396,BHTS,1,18,TSCA,8.6,Y,NA
1397,BHTS,1,19,BEPA,26.9,Y,NA
1398,BHTS,1,20,QURU,14.5,Y,NA
1399,BHTS,1,21,QURU,5.6,N,2
1400,BHTS,1,22,ACRU,8.2,Y,NA
1401,BHTS,1,23,TSCA,23.5,Y,NA
1402,BHTS,1,24,TSCA,12.6,Y,NA
1403,BHTS,1,25,BEPA,25.5,Y,NA
1404,BHTS,1,26,BEPA,13.5,Y,NA
1405,BHTS,2,1,TSCA,18.4,Y,NA
1406,BHTS,2,2,FAGR,26.3,Y,NA
1407,BHTS,2,3,TSCA,34.4,Y,NA
1408,BHTS,2,4,ACRU,22.5,Y,NA
1409,BHTS,2,5,FAGR,22,Y,NA
1410,BHTS,2,6,FAGR,13.1,Y,NA
1411,BHTS,2,7,TSCA,21.7,Y,NA
1412,BHTS,2,8,TSCA,15.5,Y,NA
1413,BHTS,2,9,TSCA,15.4,Y,NA
1414,BHTS,2,10,ACRU,11.8,Y,NA
1415,BHTS,2,11,TSCA,6.8,Y,NA
1416,BHTS,2,12,TSCA,7.3,Y,NA
1417,BHTS,2,13,TSCA,9.4,Y,NA
1418,BHTS,2,14,ACRU,16.2,Y,NA
1419,BHTS,2,15,TSCA,10.6,Y,NA
1420,BHTS,2,16,TSCA,22.2,Y,NA
1421,BHTS,2,17,TSCA,21,Y,NA
1422,BHTS,2,18,TSCA,18.9,Y,NA
1423,BHTS,2,19,TSCA,9,Y,NA
1424,BHTS,2,20,TSCA,19,Y,NA
1425,BHTS,2,21,UNKNOWN,8.9,N,7
1426,BHTS,2,22,TSCA,21.8,Y,NA
1427,BHTS,2,23,TSCA,8,Y,NA
1428,BHTS,2,24,TSCA,5.8,Y,NA
1429,BHTS,2,25,TSCA,21.3,Y,NA
1430,BHTS,2,26,TSCA,28.2,Y,NA
1431,BHTS,2,27,TSCA,14.7,Y,NA
1432,BHTS,2,28,TSCA,5.7,Y,NA
1433,BHTS,3,1,TSCA,17.3,Y,NA
1434,BHTS,3,2,TSCA,20.8,Y,NA
1435,BHTS,3,3,TSCA,7,Y,NA
1436,BHTS,3,4,TSCA,17.5,Y,NA
1437,BHTS,3,5,TSCA,6.3,Y,NA
1438,BHTS,3,6,TSCA,7,Y,NA
1439,BHTS,3,7,TSCA,11.3,Y,NA
1440,BHTS,3,8,TSCA,11.6,Y,NA
1441,BHTS,3,9,TSCA,9.4,Y,NA
1442,BHTS,3,10,TSCA,6,Y,NA
1443,BHTS,3,11,TSCA,7.2,Y,NA
1444,BHTS,3,12,ACRU,20,Y,NA
1445,BHTS,3,13,ACRU,9.7,Y,NA
1446,BHTS,3,14,BEPA,8.5,Y,NA
1447,BHTS,3,15,BEAL,8,Y,NA
1448,BHTS,3,16,TSCA,11.5,Y,NA
1449,BHTS,3,17,ACRU,7.6,Y,NA
1450,BHTS,3,18,TSCA,9.3,Y,NA
1451,BHTS,3,19,TSCA,7.4,Y,NA
1452,BHTS,3,20,TSCA,5.7,N,6
1453,BHTS,3,21,TSCA,14.7,Y,NA
1454,BHTS,3,22,TSCA,18.5,Y,NA
1455,BHTS,3,23,ACRU,31.3,Y,NA
1456,BHTS,3,24,TSCA,7,Y,NA
1457,BHTS,3,25,TSCA,29.5,Y,NA
1458,BHTS,3,26,TSCA,15.5,Y,NA
1459,BHTS,3,27,UNKNOWN,25,N,4
1460,BHTS,3,28,TSCA,24.4,Y,NA
1461,BHTS,3,29,ACRU,9.9,Y,NA
1462,BHTS,3,30,ACRU,6.2,Y,NA
1463,BHTS,3,31,ACRU,5.5,Y,NA
1464,BHTS,4,1,BELE,14.5,Y,NA
1465,BHTS,4,2,BELE,14.3,Y,NA
1466,BHTS,4,3,TSCA,32.8,Y,NA
1467,BHTS,4,4,TSCA,5.6,Y,NA
1468,BHTS,4,5,BELE,9.9,Y,NA
1469,BHTS,4,6,TSCA,17,Y,NA
1470,BHTS,4,7,TSCA,7,Y,NA
1471,BHTS,4,8,TSCA,10.5,Y,NA
1472,BHTS,4,9,TSCA,27.6,Y,NA
1473,BHTS,4,10,TSCA,38.2,Y,NA
1474,BHTS,4,11,TSCA,5.1,Y,NA
1475,BHTS,4,12,ACRU,13.9,Y,NA
1476,BHTS,4,13,TSCA,5.3,Y,NA
1477,BHTS,4,14,TSCA,12.9,Y,NA
1478,BHTS,4,15,TSCA,15.9,Y,NA
1479,BHTS,4,16,FAGR,20,N,14
1480,BHTS,4,17,TSCA,5.9,Y,NA
1481,BHTS,4,18,FAGR,9.8,Y,NA
1482,BHTS,4,19,FAGR,18.4,N,18
1483,BHTS,4,20,FAGR,19.4,N,18
1484,BHTS,4,21,FAGR,16.4,N,14
1485,BHTS,4,22,FAGR,27.5,N,18
1486,BHTS,4,23,TSCA,11.5,N,1.5
1487,BHTS,4,24,UNKNOWN,16.7,N,7
1488,BHTS,4,25,BELE,7.2,Y,NA
1489,BHTS,4,26,TSCA,8.3,Y,NA
1490,BHTS,4,27,ACRU,12.2,Y,NA
1491,BHTS,5,1,FAGR,13.3,Y,NA
1492,BHTS,5,2,FAGR,13.5,N,4
1493,BHTS,5,3,FAGR,7.9,Y,NA
1494,BHTS,5,4,FAGR,6.4,Y,NA
1495,BHTS,5,5,QURU,14.6,Y,NA
1496,BHTS,5,6,TSCA,6.4,Y,NA
1497,BHTS,5,7,TSCA,11.7,Y,NA
1498,BHTS,5,8,TSCA,13,Y,NA
1499,BHTS,5,9,TSCA,11.8,Y,NA
1500,BHTS,5,10,TSCA,6.3,Y,NA
1501,BHTS,5,11,TSCA,9,Y,NA
1502,BHTS,5,12,TSCA,7.8,Y,NA
1503,BHTS,5,13,TSCA,7.2,Y,NA
1504,BHTS,5,14,TSCA,14.5,Y,NA
1505,BHTS,5,15,TSCA,6.1,Y,NA
1506,BHTS,5,16,BEPA,24.7,Y,NA
1507,BHTS,5,17,TSCA,7.7,Y,NA
1508,BHTS,5,18,TSCA,5,Y,NA
1509,BHTS,5,19,FAGR,5.8,Y,NA
1510,BHTS,5,20,FAGR,13.1,Y,NA
1511,BHTS,5,21,FAGR,10.3,Y,NA
1512,BHTS,5,22,FAGR,15,N,4
1513,BHTS,5,23,FAGR,8.1,Y,NA
1514,BHTS,5,24,FAGR,13.1,N,3
1515,BHTS,5,25,FAGR,11.7,N,12
1516,BHTS,5,26,FAGR,9.6,Y,NA
1517,BHTS,5,27,FAGR,19,N,5
1518,BHTS,5,28,TSCA,14.8,Y,NA
1519,BHTS,5,29,TSCA,20.5,Y,NA
1520,BHTS,5,30,ACRU,15.5,Y,NA
1521,BHTS,5,31,TSCA,10.4,Y,NA
1522,BHTS,5,32,TSCA,8.6,Y,NA
1523,BHTS,5,33,TSCA,7.1,Y,NA
1524,BHTS,5,34,ACRU,15.2,Y,NA
1525,BHTS,5,35,FAGR,14.2,N,3
1526,BHTS,5,36,FAGR,16.6,Y,NA
1527,BHTS,5,37,TSCA,5.2,Y,NA
1528,BHTS,5,38,BEPA,18,Y,NA
1529,BHTS,5,39,BEPA,23.7,Y,NA
1530,BHTS,5,40,ACRU,16,Y,NA
1531,BHTS,5,41,TSCA,16.1,Y,NA
1532,BHTS,5,42,TSCA,8.4,Y,NA
1533,BHTS,5,43,TSCA,7.1,Y,NA
1534,BHTS,5,44,TSCA,8.3,Y,NA
1535,BHTS,5,45,TSCA,12.4,Y,NA
1536,BHTS,5,46,TSCA,5.5,Y,NA
1537,BHTS,5,47,TSCA,5,Y,NA
1538,BHTS,5,48,QURU,16.2,Y,NA
1539,BHTS,5,49,TSCA,15,Y,NA
1540,BHTS,5,50,TSCA,29.1,Y,NA
1541,BHTS,5,51,TSCA,6.8,Y,NA
1542,BHTS,5,52,TSCA,14.8,Y,NA
1543,BHTS,5,53,TSCA,10.1,Y,NA
1544,BHTS,5,54,TSCA,7.8,Y,NA
1545,BHTS,5,55,BEPA,9.9,Y,NA
1546,BHTS,5,56,BEPA,7.2,Y,NA
1547,BHTS,5,57,BEPA,13,N,14
1548,BHTS,5,58,TSCA,6.3,Y,NA
1549,BHMD,1,1,ACRU,18.9,Y,NA
1550,BHMD,1,2,TSCA,12.9,Y,NA
1551,BHMD,1,3,TSCA,17.5,Y,NA
1552,BHMD,1,4,TSCA,12.6,Y,NA
1553,BHMD,1,5,TSCA,25.9,Y,NA
1554,BHMD,1,6,ACRU,31.8,Y,NA
1555,BHMD,1,7,ACRU,25,Y,NA
1556,BHMD,1,8,BELE,11.5,Y,NA
1557,BHMD,1,9,TSCA,31,Y,NA
1558,BHMD,1,10,UNKNOWN,12.7,N,7
1559,BHMD,1,11,ACRU,19.5,Y,NA
1560,BHMD,1,12,ACRU,16.3,Y,NA
1561,BHMD,1,13,QURU,5,Y,NA
1562,BHMD,1,14,BELE,8.3,Y,NA
1563,BHMD,1,15,ACRU,5,Y,NA
1564,BHMD,1,16,TSCA,5.8,Y,NA
1565,BHMD,1,17,BELE,8.1,Y,NA
1566,BHMD,1,18,ACRU,11.5,Y,NA
1567,BHMD,2,1,ACRU,13.7,Y,NA
1568,BHMD,2,2,PIST,36.2,Y,NA
1569,BHMD,2,3,PRSE,10.9,Y,NA
1570,BHMD,2,4,PIST,14.5,Y,NA
1571,BHMD,2,5,PIST,9.2,N,10
1572,BHMD,2,6,PIST,26.6,Y,NA
1573,BHMD,2,7,ACRU,7.4,Y,NA
1574,BHMD,2,8,PIST,16.6,Y,NA
1575,BHMD,2,9,BEPA,23.3,Y,NA
1576,BHMD,2,10,BEPA,20.4,Y,NA
1577,BHMD,2,11,BEPA,12,Y,NA
1578,BHMD,2,12,BEPA,11,N,5
1579,BHMD,2,13,BEPA,16.4,N,3
1580,BHMD,2,14,BEPA,16,Y,NA
1581,BHMD,2,15,BEPA,15.5,N,14
1582,BHMD,2,16,BEPA,14,Y,NA
1583,BHMD,2,17,BEPA,22.4,Y,NA
1584,BHMD,2,18,BEPA,14,Y,NA
1585,BHMD,2,19,PISPP,17.8,Y,NA
1586,BHMD,2,20,ACRU,11.2,Y,NA
1587,BHMD,2,21,PIST,6.3,N,6
1588,BHMD,2,22,PIST,28.1,Y,NA
1589,BHMD,2,23,ACRU,5.3,Y,NA
1590,BHMD,3,1,QURU,15.9,Y,NA
1591,BHMD,3,2,PIST,48.8,Y,NA
1592,BHMD,3,3,PIST,54.8,Y,NA
1593,BHMD,3,4,QURU,39.6,Y,NA
1594,BHMD,3,5,ACRU,6.3,Y,NA
1595,BHMD,3,6,ACRU,5.4,Y,NA
1596,BHMD,3,7,ACRU,6.2,Y,NA
1597,BHMD,3,8,ACRU,6,N,8
1598,BHMD,3,9,QURU,22.2,Y,NA
1599,BHMD,3,10,PIST,11.6,Y,NA
1600,BHMD,3,11,UNKNOWN,9.3,N,7
1601,BHMD,3,12,ACRU,7.5,N,7
1602,BHMD,3,13,UNKNOWN,8.3,Y,5
1603,BHMD,3,14,PIST,10.7,Y,NA
1604,BHMD,3,15,BEPA,11.8,Y,NA
1605,BHMD,3,16,PIST,8.8,Y,NA
1606,BHMD,3,17,TSCA,11.7,Y,NA
1607,BHMD,3,18,ACRU,6.9,N,6
1608,BHMD,3,19,QURU,19.7,Y,NA
1609,BHMD,3,20,ACRU,7.5,N,7
1610,BHMD,3,21,QURU,24,Y,NA
1611,BHMD,3,22,QURU,6.9,N,7
1612,BHMD,3,23,QURU,34.4,Y,NA
1613,BHMD,3,24,ACRU,13.3,Y,NA
1614,BHMD,3,25,ACRU,16.6,Y,NA
1615,BHMD,3,26,ACRU,7.9,N,8
1616,BHMD,3,27,BELE,9.5,Y,NA
1617,BHMD,3,28,QURU,17.8,Y,NA
1618,BHMD,3,29,ACRU,6.1,Y,NA
1619,BHMD,3,30,ACRU,5.4,Y,NA
1620,BHMD,4,1,QURU,31.9,Y,NA
1621,BHMD,4,2,ACRU,5,N,3
1622,BHMD,4,3,ACRU,13.2,N,3
1623,BHMD,4,4,QURU,44,Y,NA
1624,BHMD,4,5,ACRU,9.8,Y,NA
1625,BHMD,4,6,BEPA,18.8,Y,NA
1626,BHMD,4,7,BEPA,28.7,Y,NA
1627,BHMD,4,8,TSCA,24.2,Y,NA
1628,BHMD,4,9,ACRU,5.3,Y,NA
1629,BHMD,4,10,ACRU,10.5,Y,NA
1630,BHMD,4,11,TSCA,5.8,Y,NA
1631,BHMD,4,12,PIST,9.4,N,7
1632,BHMD,4,13,ACRU,24.3,Y,NA
1633,BHMD,4,14,PIST,12.5,Y,NA
1634,BHMD,4,15,PIST,18.5,Y,NA
1635,BHMD,4,16,PISPP,6.7,Y,NA
1636,BHMD,4,17,PRSE,14.5,N,3
1637,BHMD,4,18,TSCA,6.4,Y,NA
1638,BHMD,4,19,QURU,43.5,Y,NA
1639,BHMD,4,20,TSCA,10.5,Y,NA
1640,BHMD,4,21,TSCA,10.5,Y,NA
1641,BHMD,4,22,PIST,14.2,Y,NA
1642,BHMD,4,23,QURU,26.1,Y,NA
1643,BHMD,4,24,BEPA,11.9,N,9
1644,BHMD,4,25,ACRU,9.1,N,6
1645,BHMD,4,26,ACRU,18.8,Y,NA
1646,BHMD,4,27,PIST,6.4,N,1.5
1647,BHMD,4,28,ACRU,17.2,N,12
1648,BHMD,5,1,ACRU,10,Y,NA
1649,BHMD,5,2,ACRU,10.6,N,14
1650,BHMD,5,3,ACRU,12.9,Y,NA
1651,BHMD,5,4,ACRU,7.9,Y,NA
1652,BHMD,5,5,PIST,19.9,Y,NA
1653,BHMD,5,6,PIST,18.7,Y,NA
1654,BHMD,5,7,PIST,21.8,Y,NA
1655,BHMD,5,8,BEPA,16.5,Y,NA
1656,BHMD,5,9,BEPA,22.2,Y,NA
1657,BHMD,5,10,PISPP,7.4,Y,NA
1658,BHMD,5,11,PISPP,6,Y,NA
1659,BHMD,5,12,QURU,10,N,8
1660,BHMD,5,13,QURU,13.7,Y,NA
1661,BHMD,5,14,QURU,50.8,Y,NA
1662,BHMD,5,15,ACRU,6,Y,NA
1663,BHMD,5,16,ACRU,7.9,Y,NA
1664,BHMD,5,17,ACRU,13,Y,NA
1665,BHMD,5,18,TSCA,7.3,Y,NA
1666,BHMD,5,19,ACRU,5.8,Y,NA
1667,BHMD,5,20,ACRU,5.4,Y,NA
1668,BHMD,5,21,TSCA,23,Y,NA
1669,BHMD,5,22,ACRU,5.7,Y,NA
1670,BHMD,5,23,TSCA,7.3,Y,NA
1671,BHMD,5,24,ACRU,15.4,Y,NA
1672,BHMD,5,25,ACRU,18.6,N,3
1673,BHMD,5,26,ACRU,15.2,N,3
1674,NSFTS,1,1,TSCA,9.3,Y,NA
1675,NSFTS,1,2,TSCA,48,Y,NA
1676,NSFTS,1,3,FAGR,16.5,Y,NA
1677,NSFTS,1,4,TSCA,12.8,Y,NA
1678,NSFTS,1,5,TSCA,38.5,Y,NA
1679,NSFTS,1,6,TSCA,7,N,4
1680,NSFTS,1,7,BEAL,17.8,Y,NA
1681,NSFTS,1,8,TSCA,29.9,Y,NA
1682,NSFTS,1,9,TSCA,7.5,Y,NA
1683,NSFTS,1,10,TSCA,18,Y,NA
1684,NSFTS,1,11,TSCA,44.3,Y,NA
1685,NSFTS,1,12,TSCA,13.1,Y,NA
1686,NSFTS,1,13,TSCA,6.7,N,7
1687,NSFTS,1,14,TSCA,5.8,N,7
1688,NSFTS,1,15,ACRU,37.9,Y,NA
1689,NSFTS,1,16,BEAL,12.8,Y,NA
1690,NSFTS,1,17,BEAL,10.8,Y,NA
1691,NSFTS,1,18,TSCA,9,Y,NA
1692,NSFTS,1,19,ACRU,24.1,Y,NA
1693,NSFTS,1,20,ACRU,19.8,Y,NA
1694,NSFTS,1,21,TSCA,5.6,Y,NA
1695,NSFTS,1,22,TSCA,14.2,Y,NA
1696,NSFTS,2,1,ACRU,16.9,Y,NA
1697,NSFTS,2,2,ACRU,32.2,Y,NA
1698,NSFTS,2,3,TSCA,35,Y,NA
1699,NSFTS,2,4,TSCA,33.6,Y,NA
1700,NSFTS,2,5,TSCA,7.9,N,2.5
1701,NSFTS,2,6,TSCA,45,Y,NA
1702,NSFTS,2,7,TSCA,35.5,Y,NA
1703,NSFTS,2,8,TSCA,46.1,Y,NA
1704,NSFTS,2,9,BELE,15.9,Y,NA
1705,NSFTS,2,10,BELE,17.3,Y,NA
1706,NSFTS,2,11,TSCA,19.4,Y,NA
1707,NSFTS,2,12,QURU,44.5,Y,NA
1708,NSFTS,2,13,TSCA,41.5,Y,NA
1709,NSFTS,2,14,TSCA,5.4,Y,NA
1710,NSFTS,2,15,TSCA,7.8,Y,NA
1711,NSFTS,2,16,TSCA,34.1,Y,NA
1712,NSFTS,2,17,TSCA,15.7,Y,NA
1713,NSFTS,2,18,TSCA,10.2,Y,NA
1714,NSFTS,3,1,QURU,25.9,Y,NA
1715,NSFTS,3,2,TSCA,29.8,Y,NA
1716,NSFTS,3,3,QURU,19.5,Y,NA
1717,NSFTS,3,4,TSCA,15,Y,NA
1718,NSFTS,3,5,QURU,14.4,Y,NA
1719,NSFTS,3,6,QURU,24.7,Y,NA
1720,NSFTS,3,7,QURU,25.3,Y,NA
1721,NSFTS,3,8,TSCA,22.8,Y,NA
1722,NSFTS,3,9,TSCA,15.5,Y,NA
1723,NSFTS,3,10,PIST,39.1,Y,NA
1724,NSFTS,3,11,TSCA,19,Y,NA
1725,NSFTS,3,12,TSCA,11,Y,NA
1726,NSFTS,3,13,ACRU,15.5,Y,NA
1727,NSFTS,3,14,TSCA,19.2,Y,NA
1728,NSFTS,3,15,ACRU,27.1,Y,NA
1729,NSFTS,3,16,PIST,72.6,Y,NA
1730,NSFTS,3,17,PIST,6.2,N,5
1731,NSFTS,4,1,PRSE,19.6,N,14
1732,NSFTS,4,2,PRSE,32.8,Y,NA
1733,NSFTS,4,3,TSCA,14.2,Y,NA
1734,NSFTS,4,4,ACRU,10.3,N,1.5
1735,NSFTS,4,5,ACRU,24.3,Y,NA
1736,NSFTS,4,6,ACRU,12.7,Y,NA
1737,NSFTS,4,7,TSCA,19.6,Y,NA
1738,NSFTS,4,8,ACRU,13.9,Y,NA
1739,NSFTS,4,9,TSCA,45,Y,NA
1740,NSFTS,4,10,TSCA,26.1,Y,NA
1741,NSFTS,4,11,TSCA,35.5,Y,NA
1742,NSFTS,4,12,TSCA,37.1,Y,NA
1743,NSFTS,4,13,TSCA,36.2,Y,NA
1744,NSFTS,4,14,TSCA,28.8,Y,NA
1745,NSFTS,4,15,TSCA,15.1,Y,NA
1746,NSFTS,4,16,ACRU,18.9,N,8
1747,NSFTS,4,17,TSCA,13.1,Y,NA
1748,NSFTS,4,18,TSCA,24.2,Y,NA
1749,NSFTS,4,19,TSCA,36,Y,NA
1750,NSFTS,5,1,ACRU,12.8,Y,NA
1751,NSFTS,5,2,TSCA,17,Y,NA
1752,NSFTS,5,3,FAGR,17.1,Y,NA
1753,NSFTS,5,4,TSCA,40.6,Y,NA
1754,NSFTS,5,5,TSCA,6.4,Y,NA
1755,NSFTS,5,6,TSCA,19.2,Y,NA
1756,NSFTS,5,7,ACRU,10.1,N,8
1757,NSFTS,5,8,TSCA,14.3,Y,NA
1758,NSFTS,5,9,TSCA,34,Y,NA
1759,NSFTS,5,10,ACRU,29,Y,NA
1760,NSFTS,5,11,ACRU,28.8,Y,NA
1761,NSFTS,5,12,ACRU,19.3,Y,NA
1762,NSFTS,5,13,TSCA,21.1,Y,NA
1763,NSFTS,5,14,PRSE,19.4,Y,NA
1764,NSFTS,5,15,TSCA,8.7,N,4
1765,NSFTS,5,16,TSCA,7.2,Y,NA
1766,NSFTS,5,17,TSCA,7.2,Y,NA
1767,NSFTS,5,18,TSCA,20.4,Y,NA
1768,NSFTS,5,19,BEAL,15,Y,NA
1769,NSFTS,5,20,TSCA,42,Y,NA
1770,NSFMD,1,1,FAGR,42.7,Y,NA
1771,NSFMD,1,2,BEAL,23,Y,NA
1772,NSFMD,1,3,BELE,22.2,N,3
1773,NSFMD,1,4,QURU,34.5,Y,NA
1774,NSFMD,1,5,FAGR,16.7,Y,NA
1775,NSFMD,1,6,FAGR,10.9,Y,NA
1776,NSFMD,1,7,FAGR,8.6,Y,NA
1777,NSFMD,1,8,ACRU,23.2,Y,NA
1778,NSFMD,1,9,ACRU,5.3,Y,NA
1779,NSFMD,1,10,FAGR,15.8,Y,NA
1780,NSFMD,1,11,QURU,41.8,Y,NA
1781,NSFMD,1,12,QURU,37.6,Y,NA
1782,NSFMD,1,13,TSCA,6.3,N,3
1783,NSFMD,2,1,FAGR,12.6,Y,NA
1784,NSFMD,2,2,QUVE,23.1,Y,NA
1785,NSFMD,2,3,PIST,6.5,N,6
1786,NSFMD,2,4,PIST,12.3,N,8
1787,NSFMD,2,5,BELE,19.9,Y,NA
1788,NSFMD,2,6,QURU,43,Y,NA
1789,NSFMD,2,7,ACRU,12.2,Y,NA
1790,NSFMD,2,8,PIST,19.2,N,3
1791,NSFMD,2,9,ACRU,15.7,Y,NA
1792,NSFMD,2,10,TSCA,15.9,Y,NA
1793,NSFMD,2,11,QUVE,28.5,Y,NA
1794,NSFMD,2,12,QUVE,12,Y,NA
1795,NSFMD,2,13,FAGR,5.1,Y,NA
1796,NSFMD,2,14,PIST,9.8,N,8
1797,NSFMD,2,15,QUVE,33.4,Y,NA
1798,NSFMD,2,16,ACRU,11.4,Y,NA
1799,NSFMD,2,17,ACRU,13.9,Y,NA
1800,NSFMD,2,18,BELE,10.1,Y,NA
1801,NSFMD,2,19,FAGR,14.1,Y,NA
1802,NSFMD,3,1,FAGR,19.6,Y,NA
1803,NSFMD,3,2,FAGR,9.9,Y,NA
1804,NSFMD,3,3,FAGR,9.5,Y,NA
1805,NSFMD,3,4,QUVE,28.2,Y,NA
1806,NSFMD,3,5,ACRU,23.6,Y,NA
1807,NSFMD,3,6,QURU,22,Y,NA
1808,NSFMD,3,7,QURU,27.7,Y,NA
1809,NSFMD,3,8,FAGR,16.2,Y,NA
1810,NSFMD,3,9,QUVE,37.9,Y,NA
1811,NSFMD,3,10,FAGR,6.9,Y,NA
1812,NSFMD,3,11,ACRU,13.4,Y,NA
1813,NSFMD,3,12,ACRU,11.7,N,5
1814,NSFMD,3,13,BELE,33,Y,NA
1815,NSFMD,3,14,PIST,12.9,N,8
1816,NSFMD,3,15,PIST,27.7,N,4
1817,NSFMD,3,16,QURU,20.5,Y,NA
1818,NSFMD,3,17,BELE,24.1,N,6
1819,NSFMD,3,18,BELE,22.2,Y,NA
1820,NSFMD,3,19,FAGR,12.7,Y,NA
1821,NSFMD,3,20,QURU,37.9,Y,NA
1822,NSFMD,3,21,TSCA,18.6,Y,NA
1823,NSFMD,3,22,ACRU,10,Y,NA
1824,NSFMD,4,1,ACRU,17.3,Y,NA
1825,NSFMD,4,2,TSCA,17,Y,NA
1826,NSFMD,4,3,ACRU,27.6,Y,NA
1827,NSFMD,4,4,TSCA,30.7,Y,NA
1828,NSFMD,4,5,TSCA,28.7,Y,NA
1829,NSFMD,4,6,ACRU,20.7,Y,NA
1830,NSFMD,4,7,TSCA,19.2,Y,NA
1831,NSFMD,4,8,TSCA,6.7,Y,NA
1832,NSFMD,4,9,ACRU,21.5,Y,NA
1833,NSFMD,4,10,FAGR,10.6,Y,NA
1834,NSFMD,4,11,QURU,36.8,Y,NA
1835,NSFMD,4,12,FAGR,9.3,Y,NA
1836,NSFMD,4,13,FAGR,13.6,Y,NA
1837,NSFMD,4,14,ACRU,27.9,Y,NA
1838,NSFMD,4,15,ACRU,17.1,N,2
1839,NSFMD,4,16,TSCA,12.8,Y,NA
1840,NSFMD,4,17,ACRU,34.9,Y,NA
1841,NSFMD,4,18,TSCA,25.4,Y,NA
1842,NSFMD,4,19,OSVA,7.4,N,12
1843,NSFMD,5,1,FAGR,19.6,Y,NA
1844,NSFMD,5,2,FAGR,6.7,Y,NA
1845,NSFMD,5,3,ACRU,10.9,Y,NA
1846,NSFMD,5,4,QUVE,35.8,Y,NA
1847,NSFMD,5,5,PIST,12.7,N,10
1848,NSFMD,5,6,PIST,16.3,Y,NA
1849,NSFMD,5,7,PIST,11.5,N,10
1850,NSFMD,5,8,FAGR,8.5,Y,NA
1851,NSFMD,5,9,PIST,10.1,N,10
1852,NSFMD,5,10,ACRU,16.9,Y,NA
1853,NSFMD,5,11,BELE,21.7,Y,NA
1854,NSFMD,5,12,BELE,22.9,Y,NA
1855,NSFMD,5,13,QUVE,31.4,Y,NA
1856,NSFMD,5,14,FAGR,6.4,Y,NA
1857,NSFMD,5,15,PIST,15.4,N,14
1858,NSFMD,5,16,QURU,31.9,Y,NA
1859,NSFMD,5,17,BELE,17.9,Y,NA
1860,NSFMD,5,18,TSCA,28.1,Y,NA
1861,NSFMD,5,19,TSCA,16.4,Y,NA
1862,NSFMD,5,20,FAGR,27.3,Y,NA
1863,ER1TS,1,1,PIST,61.9,Y,NA
1864,ER1TS,1,2,TSCA,23.8,Y,NA
1865,ER1TS,1,3,TSCA,7.3,N,6
1866,ER1TS,1,4,TSCA,13.7,Y,NA
1867,ER1TS,1,5,TSCA,10.7,N,10
1868,ER1TS,1,6,TSCA,10.8,N,8
1869,ER1TS,1,7,TSCA,18.5,Y,NA
1870,ER1TS,1,8,TSCA,10.7,N,12
1871,ER1TS,1,9,TSCA,14.5,Y,NA
1872,ER1TS,1,10,TSCA,12.9,N,4
1873,ER1TS,1,11,TSCA,13.4,Y,NA
1874,ER1TS,1,12,TSCA,13.9,N,8
1875,ER1TS,1,13,TSCA,8.1,N,16
1876,ER1TS,1,14,TSCA,14,N,18
1877,ER1TS,1,15,TSCA,20.5,Y,NA
1878,ER1TS,1,16,TSCA,5.4,N,8
1879,ER1TS,1,17,TSCA,24.7,Y,NA
1880,ER1TS,1,18,TSCA,7.2,N,3
1881,ER1TS,1,19,TSCA,23.4,Y,NA
1882,ER1TS,1,20,TSCA,15.6,N,12
1883,ER1TS,1,21,TSCA,16.5,N,12
1884,ER1TS,1,22,TSCA,31,Y,NA
1885,ER1TS,1,23,TSCA,28.9,Y,NA
1886,ER1TS,1,24,TSCA,29.1,Y,NA
1887,ER1TS,1,25,TSCA,12.3,N,12
1888,ER1TS,1,26,TSCA,15.2,N,6
1889,ER1TS,1,27,TSCA,35.1,Y,NA
1890,ER1TS,1,28,TSCA,17.2,N,6
1891,ER1TS,2,1,PIST,56.7,Y,NA
1892,ER1TS,2,2,QURU,26.9,Y,NA
1893,ER1TS,2,3,PIST,25.7,Y,NA
1894,ER1TS,2,4,TSCA,17.7,Y,NA
1895,ER1TS,2,5,TSCA,5.4,N,7
1896,ER1TS,2,6,PIST,19.7,N,16
1897,ER1TS,2,7,TSCA,6.5,N,7
1898,ER1TS,2,8,PIST,22.8,Y,NA
1899,ER1TS,2,9,PIST,41,Y,NA
1900,ER1TS,2,10,TSCA,18.8,Y,NA
1901,ER1TS,2,11,TSCA,8.9,N,3
1902,ER1TS,2,12,TSCA,25,N,6
1903,ER1TS,2,13,PIST,45.6,Y,NA
1904,ER1TS,2,14,UNKNOWN,13.8,N,8
1905,ER1TS,2,15,TSCA,17.8,N,10
1906,ER1TS,2,16,PIST,54.6,Y,NA
1907,ER1TS,2,17,PIST,14.6,Y,NA
1908,ER1TS,2,18,PIST,50.2,Y,NA
1909,ER1TS,2,19,TSCA,24.8,Y,NA
1910,ER1TS,2,20,TSCA,13.5,Y,NA
1911,ER1TS,2,21,TSCA,17.9,Y,NA
1912,ER1TS,2,22,TSCA,54.1,Y,NA
1913,ER1TS,2,23,TSCA,6.4,Y,NA
1914,ER1TS,2,24,TSCA,5.9,Y,NA
1915,ER1TS,2,25,TSCA,15.6,N,10
1916,ER1TS,3,1,TSCA,22.3,Y,NA
1917,ER1TS,3,2,TSCA,23.7,Y,NA
1918,ER1TS,3,3,TSCA,11.2,Y,NA
1919,ER1TS,3,4,TSCA,8.1,Y,NA
1920,ER1TS,3,5,TSCA,13.1,Y,NA
1921,ER1TS,3,6,TSCA,14.4,N,6
1922,ER1TS,3,7,TSCA,16.3,Y,NA
1923,ER1TS,3,8,TSCA,9.6,N,3
1924,ER1TS,3,9,TSCA,30.2,Y,NA
1925,ER1TS,3,10,TSCA,13,Y,NA
1926,ER1TS,3,11,BELE,8.8,N,8
1927,ER1TS,3,12,BELE,17.4,Y,NA
1928,ER1TS,3,13,TSCA,23.5,Y,NA
1929,ER1TS,3,14,TSCA,21.5,Y,NA
1930,ER1TS,3,15,TSCA,36.3,Y,NA
1931,ER1TS,3,16,TSCA,16.5,Y,NA
1932,ER1TS,3,17,TSCA,13,Y,NA
1933,ER1TS,3,18,TSCA,18.4,Y,NA
1934,ER1TS,3,19,TSCA,13,Y,NA
1935,ER1TS,3,20,TSCA,14.7,Y,NA
1936,ER1TS,3,21,TSCA,9,N,12
1937,ER1TS,3,22,TSCA,7.5,N,8
1938,ER1TS,3,23,TSCA,21.9,Y,NA
1939,ER1TS,3,24,TSCA,11.8,Y,NA
1940,ER1TS,3,25,TSCA,17.4,N,12
1941,ER1TS,3,26,TSCA,9.2,N,14
1942,ER1TS,3,27,TSCA,10.8,Y,NA
1943,ER1TS,3,28,TSCA,12.4,Y,NA
1944,ER1TS,3,29,TSCA,9.9,Y,NA
1945,ER1TS,3,30,TSCA,10.2,N,3
1946,ER1TS,3,31,TSCA,28.3,Y,NA
1947,ER1TS,3,32,TSCA,11.6,N,4
1948,ER1TS,3,33,TSCA,21,Y,NA
1949,ER1TS,3,34,TSCA,16.4,Y,NA
1950,ER1TS,4,1,BELE,14.5,Y,NA
1951,ER1TS,4,2,BELE,19.3,Y,NA
1952,ER1TS,4,3,BELE,24.7,Y,NA
1953,ER1TS,4,4,TSCA,21.8,Y,NA
1954,ER1TS,4,5,TSCA,30.8,Y,NA
1955,ER1TS,4,6,TSCA,14.9,Y,NA
1956,ER1TS,4,7,TSCA,23.3,Y,NA
1957,ER1TS,4,8,TSCA,5.2,Y,NA
1958,ER1TS,4,9,ACRU,7.1,N,10
1959,ER1TS,4,10,PRSE,16.1,Y,NA
1960,ER1TS,4,11,TSCA,9.4,Y,NA
1961,ER1TS,4,12,ACRU,15.6,Y,NA
1962,ER1TS,4,13,TSCA,16.8,Y,NA
1963,ER1TS,4,14,BEPA,11.3,Y,NA
1964,ER1TS,5,1,TSCA,7,N,10
1965,ER1TS,5,2,TSCA,17.2,Y,NA
1966,ER1TS,5,3,TSCA,9.3,N,14
1967,ER1TS,5,4,TSCA,29.1,Y,NA
1968,ER1TS,5,5,TSCA,12.8,Y,NA
1969,ER1TS,5,6,TSCA,18.4,Y,NA
1970,ER1TS,5,7,BELE,15.5,Y,NA
1971,ER1TS,5,8,TSCA,22.4,Y,NA
1972,ER1TS,5,9,TSCA,17.1,Y,NA
1973,ER1TS,5,10,TSCA,23.2,Y,NA
1974,ER1TS,5,11,TSCA,18.3,Y,NA
1975,ER1TS,5,12,TSCA,7.2,N,4
1976,ER1TS,5,13,TSCA,16.4,Y,NA
1977,ER1TS,5,14,TSCA,8.2,N,14
1978,ER1TS,5,15,TSCA,20.4,Y,NA
1979,ER1TS,5,16,TSCA,12.6,Y,NA
1980,ER1TS,5,17,TSCA,16.7,Y,NA
1981,ER1TS,5,18,TSCA,11.5,N,4
1982,ER1TS,5,19,TSCA,23.3,Y,NA
1983,ER1TS,5,20,TSCA,11,N,16
1984,ER1TS,5,21,TSCA,13,N,16
1985,ER1TS,5,22,TSCA,32.2,Y,NA
1986,ER1TS,5,23,TSCA,20.6,Y,NA
1987,ER1TS,5,24,TSCA,11.5,Y,NA
1988,ER1TS,5,25,TSCA,7.9,N,5
1989,ER1TS,5,26,TSCA,20.8,Y,NA
1990,ER1TS,5,27,TSCA,22.5,Y,NA
1991,ER1TS,5,28,TSCA,10.1,Y,NA
1992,ER1TS,5,29,TSCA,29.3,Y,NA
1993,ER1TS,5,30,TSCA,28.9,Y,NA
1994,ER1TS,5,31,TSCA,27.8,Y,NA
1995,ER1TS,5,32,TSCA,5.1,Y,NA
1996,ER1TS,5,33,TSCA,7.8,N,3
1997,ER1MD,1,1,BELE,22.2,Y,NA
1998,ER1MD,1,2,PIST,21.3,Y,NA
1999,ER1MD,1,3,ACRU,27.5,Y,NA
2000,ER1MD,1,4,PIST,5.7,N,6
2001,ER1MD,1,5,PIST,7.8,N,6
2002,ER1MD,1,6,BELE,8.9,Y,NA
2003,ER1MD,1,7,BELE,16.2,Y,NA
2004,ER1MD,1,8,BELE,12,Y,NA
2005,ER1MD,1,9,PIST,11.9,Y,NA
2006,ER1MD,1,10,BELE,27.5,Y,NA
2007,ER1MD,1,11,ACRU,12.4,Y,NA
2008,ER1MD,1,12,ACRU,13.7,Y,NA
2009,ER1MD,1,13,PIST,13.7,Y,NA
2010,ER1MD,1,14,BELE,9.5,Y,NA
2011,ER1MD,1,15,BELE,15,Y,NA
2012,ER1MD,1,16,BELE,10,Y,NA
2013,ER1MD,1,17,BELE,23.4,Y,NA
2014,ER1MD,1,18,TSCA,17.5,Y,NA
2015,ER1MD,1,19,PIST,23,Y,NA
2016,ER1MD,1,20,PIST,11.7,N,8
2017,ER1MD,1,21,PIST,22.9,Y,NA
2018,ER1MD,1,22,PIST,10.5,N,6
2019,ER1MD,1,23,QUVE,11.6,Y,NA
2020,ER1MD,1,24,FAGR,6.2,Y,NA
2021,ER1MD,1,25,ACRU,9.6,Y,NA
2022,ER1MD,1,26,PIST,21.6,Y,NA
2023,ER1MD,1,27,ACRU,10.7,N,10
2024,ER1MD,1,28,QURU,27.1,Y,NA
2025,ER1MD,1,29,QURU,27.2,Y,NA
2026,ER1MD,1,30,BELE,19.7,Y,NA
2027,ER1MD,1,31,BELE,10.8,Y,NA
2028,ER1MD,2,1,PIST,30.9,Y,NA
2029,ER1MD,2,2,QURU,13.3,Y,NA
2030,ER1MD,2,3,BELE,18.8,Y,NA
2031,ER1MD,2,4,BELE,8.5,Y,NA
2032,ER1MD,2,5,ACRU,10.9,N,10
2033,ER1MD,2,6,ACRU,16.2,Y,NA
2034,ER1MD,2,7,ACRU,9.6,N,3
2035,ER1MD,2,8,BELE,11.2,Y,NA
2036,ER1MD,2,9,BELE,22.8,Y,NA
2037,ER1MD,2,10,BELE,24.8,Y,NA
2038,ER1MD,2,11,ACRU,13.2,Y,NA
2039,ER1MD,2,12,CADE,5.8,N,6
2040,ER1MD,2,13,BEPA,11,N,3
2041,ER1MD,2,14,TSCA,19.7,Y,NA
2042,ER1MD,2,15,PIST,12.6,Y,NA
2043,ER1MD,2,16,PIST,9.8,N,6
2044,ER1MD,2,17,QURU,21.1,Y,NA
2045,ER1MD,2,18,FAGR,5.5,Y,NA
2046,ER1MD,2,19,ACRU,26.3,Y,NA
2047,ER1MD,2,20,BEPA,24.2,Y,NA
2048,ER1MD,2,21,FAGR,9.5,Y,NA
2049,ER1MD,2,22,ACRU,11.9,Y,NA
2050,ER1MD,2,23,ACRU,24.5,Y,NA
2051,ER1MD,2,24,ACRU,21.8,Y,NA
2052,ER1MD,2,25,QUVE,23.2,Y,NA
2053,ER1MD,2,26,ACRU,6.3,Y,NA
2054,ER1MD,2,27,BEPA,24.5,Y,NA
2055,ER1MD,2,28,ACRU,9.6,N,8
2056,ER1MD,2,29,QUVE,21.2,Y,NA
2057,ER1MD,2,30,FAGR,7.4,Y,NA
2058,ER1MD,2,31,FAGR,5.8,Y,NA
2059,ER1MD,2,32,PIST,11.7,Y,NA
2060,ER1MD,2,33,QUVE,16.1,Y,NA
2061,ER1MD,2,34,BELE,14.9,Y,NA
2062,ER1MD,3,1,BEPA,11.3,Y,NA
2063,ER1MD,3,2,ACRU,9.5,Y,NA
2064,ER1MD,3,3,BEPA,18.6,Y,NA
2065,ER1MD,3,4,PIST,5.3,Y,NA
2066,ER1MD,3,5,BEPA,12.4,Y,NA
2067,ER1MD,3,6,ACRU,29.5,Y,NA
2068,ER1MD,3,7,ACRU,9,N,2
2069,ER1MD,3,8,PIST,15,N,2
2070,ER1MD,3,9,PIST,5,N,6
2071,ER1MD,3,10,BELE,16.7,Y,NA
2072,ER1MD,3,11,PIST,8.9,N,8
2073,ER1MD,3,12,BELE,18,Y,NA
2074,ER1MD,3,13,BELE,12,N,3
2075,ER1MD,3,14,BELE,18.3,Y,NA
2076,ER1MD,3,15,BELE ,5.8,Y,NA
2077,ER1MD,3,16,BEPA,12.8,Y,NA
2078,ER1MD,3,17,ACRU,7.3,N,6
2079,ER1MD,3,18,ACRU,13.1,Y,NA
2080,ER1MD,3,19,FAGR,5.5,Y,NA
2081,ER1MD,3,20,ACRU,7.4,Y,NA
2082,ER1MD,3,21,ACRU,6,N,8
2083,ER1MD,4,1,BELE,8.1,Y,NA
2084,ER1MD,4,2,PIST,8.8,N,8
2085,ER1MD,4,3,BELE,7.3,Y,NA
2086,ER1MD,4,4,BEPA,14,Y,NA
2087,ER1MD,4,5,BELE,14.6,Y,NA
2088,ER1MD,4,6,BELE,14.1,Y,NA
2089,ER1MD,4,7,BELE,16.6,Y,NA
2090,ER1MD,4,8,BELE,9.5,N,3
2091,ER1MD,4,9,BELE,5.2,Y,NA
2092,ER1MD,4,10,ACRU,8.5,Y,NA
2093,ER1MD,4,11,QURU,25.9,Y,NA
2094,ER1MD,4,12,BELE,18.4,Y,NA
2095,ER1MD,4,13,PIST,5.1,Y,NA
2096,ER1MD,4,14,BEPA,12.5,Y,NA
2097,ER1MD,4,15,ACRU,10.1,Y,NA
2098,ER1MD,4,16,ACRU,5.3,Y,NA
2099,ER1MD,4,17,BEPA,15.5,Y,NA
2100,ER1MD,4,18,BEPA,17.1,Y,NA
2101,ER1MD,4,19,UNKNOWN,6.3,N,4
2102,ER1MD,4,20,ACRU,46.5,Y,NA
2103,ER1MD,4,21,PIST,16.2,Y,NA
2104,ER1MD,4,22,BELE,22,Y,NA
2105,ER1MD,5,1,ACRU,21.4,Y,NA
2106,ER1MD,5,2,PIST,18.1,Y,NA
2107,ER1MD,5,3,PIST,17.5,Y,NA
2108,ER1MD,5,4,PIST,28.5,Y,NA
2109,ER1MD,5,5,TSCA,17.6,Y,NA
2110,ER1MD,5,6,QURU,16.3,Y,NA
2111,ER1MD,5,7,ACRU,8.5,Y,NA
2112,ER1MD,5,8,BELE,9.4,Y,NA
2113,ER1MD,5,9,BELE,12.9,Y,NA
2114,ER1MD,5,10,PIST,20.7,Y,NA
2115,ER1MD,5,11,PIST,18.7,Y,NA
2116,ER1MD,5,12,BELE,6.4,Y,NA
2117,ER1MD,5,13,PIST,31.9,Y,NA
2118,ER1MD,5,14,BELE,18.2,Y,NA
2119,ER1MD,5,15,BELE,7.3,Y,NA
2120,ER1MD,5,16,ACRU,13.7,Y,NA
2121,ER1MD,5,17,PIST,17.1,Y,NA
2122,ER1MD,5,18,BELE,19.3,Y,NA
2123,ER1MD,5,19,ACRU,10.8,Y,NA
2124,ER1MD,5,20,ACRU,13.4,Y,NA
2125,ER1MD,5,21,ACRU,9.4,Y,NA
2126,ER1MD,5,22,PIST,57,Y,NA
2127,ER2TS,1,1,TSCA,20.2,Y,NA
2128,ER2TS,1,2,TSCA,9.1,N,6
2129,ER2TS,1,3,ACRU,18.7,N,6
2130,ER2TS,1,4,BELE,27.9,Y,NA
2131,ER2TS,1,5,BELE,26.1,Y,NA
2132,ER2TS,1,6,TSCA,18.6,Y,NA
2133,ER2TS,1,7,BEPA,25.5,Y,NA
2134,ER2TS,1,8,BELE,22.4,Y,NA
2135,ER2TS,1,9,TSCA,10.6,Y,NA
2136,ER2TS,1,10,TSCA,12.3,N,4
2137,ER2TS,1,11,BELE,14,Y,NA
2138,ER2TS,1,12,TSCA,18.7,Y,NA
2139,ER2TS,1,13,ACRU,20.7,N,8
2140,ER2TS,1,14,TSCA,15.6,Y,NA
2141,ER2TS,1,15,TSCA,26.9,Y,NA
2142,ER2TS,1,16,BEPA,20.8,Y,NA
2143,ER2TS,1,17,BELE,22.4,Y,NA
2144,ER2TS,1,18,BELE,8.2,Y,NA
2145,ER2TS,1,19,TSCA,26,Y,NA
2146,ER2TS,1,20,TSCA,7.9,Y,NA
2147,ER2TS,1,21,FAGR,14.5,Y,NA
2148,ER2TS,1,22,TSCA,13.7,Y,NA
2149,ER2TS,2,1,TSCA,30.7,Y,NA
2150,ER2TS,2,2,BELE,25.8,Y,NA
2151,ER2TS,2,3,BELE,23.5,Y,NA
2152,ER2TS,2,4,PIST,40.1,Y,NA
2153,ER2TS,2,5,TSCA,5.7,Y,NA
2154,ER2TS,2,6,ACRU,17.3,Y,NA
2155,ER2TS,2,7,ACRU,19.4,Y,NA
2156,ER2TS,2,8,TSCA,29.3,Y,NA
2157,ER2TS,2,9,TSCA,48.4,Y,NA
2158,ER2TS,2,10,TSCA,17.4,Y,NA
2159,ER2TS,2,11,TSCA,14.5,N,3
2160,ER2TS,2,12,ACRU,20.5,Y,NA
2161,ER2TS,2,13,TSCA,5.9,Y,NA
2162,ER2TS,2,14,BELE,9.9,Y,NA
2163,ER2TS,2,15,ACRU,20.8,Y,NA
2164,ER2TS,2,16,TSCA,15.1,N,6
2165,ER2TS,2,17,TSCA,17.7,Y,NA
2166,ER2TS,2,18,TSCA,23.3,Y,NA
2167,ER2TS,2,19,ACRU,19.6,N,1
2168,ER2TS,2,20,ACRU,27.6,Y,NA
2169,ER2TS,2,21,TSCA,17.6,Y,NA
2170,ER2TS,2,22,BELE,7.3,N,5
2171,ER2TS,2,23,TSCA,16.3,Y,NA
2172,ER2TS,2,24,BELE,17.9,Y,NA
2173,ER2TS,2,25,TSCA,5.4,Y,NA
2174,ER2TS,2,26,TSCA,11.5,Y,NA
2175,ER2TS,3,1,TSCA,14.8,Y,NA
2176,ER2TS,3,2,BELE,10.8,Y,NA
2177,ER2TS,3,3,BELE,16.6,Y,NA
2178,ER2TS,3,4,TSCA,11.2,Y,NA
2179,ER2TS,3,5,TSCA,6.2,Y,NA
2180,ER2TS,3,6,BEPA,17.2,Y,NA
2181,ER2TS,3,7,TSCA,10.5,Y,NA
2182,ER2TS,3,8,BELE,11.5,Y,NA
2183,ER2TS,3,9,BELE,20.4,Y,NA
2184,ER2TS,3,10,TSCA,29.5,Y,NA
2185,ER2TS,3,11,BEPA,24.6,N,10
2186,ER2TS,3,12,TSCA,28.5,Y,NA
2187,ER2TS,3,13,TSCA,17.7,Y,NA
2188,ER2TS,3,14,TSCA,29,Y,NA
2189,ER2TS,3,15,TSCA,11.5,Y,NA
2190,ER2TS,3,16,BEPA,17,N,1
2191,ER2TS,3,17,BEPA,16.6,N,3
2192,ER2TS,3,18,BEPA,15.1,N,4
2193,ER2TS,3,19,BEPA,15.5,N,4
2194,ER2TS,3,20,BELE,10.4,Y,NA
2195,ER2TS,3,21,BEPA,18,N,10
2196,ER2TS,3,22,TSCA,24.7,Y,NA
2197,ER2TS,3,23,BEPA,10.1,Y,NA
2198,ER2TS,3,24,FAGR,12.4,N,10
2199,ER2TS,3,25,TSCA,28.4,Y,NA
2200,ER2TS,3,26,TSCA,7.1,Y,NA
2201,ER2TS,3,27,TSCA,28.7,Y,NA
2202,ER2TS,3,28,TSCA,29.9,Y,NA
2203,ER2TS,3,29,BEPA,29.1,Y,NA
2204,ER2TS,3,30,TSCA,11.9,Y,NA
2205,ER2TS,3,31,ACRU,16.3,Y,NA
2206,ER2TS,3,32,TSCA,20.2,Y,NA
2207,ER2TS,3,33,TSCA,10.1,Y,NA
2208,ER2TS,4,1,ACRU,21.1,N,3
2209,ER2TS,4,2,FAGR,7.2,Y,NA
2210,ER2TS,4,3,QURU,28.5,N,14
2211,ER2TS,4,4,TSCA,9.9,Y,NA
2212,ER2TS,4,5,TSCA,20.1,Y,NA
2213,ER2TS,4,6,BEPA,25.9,Y,NA
2214,ER2TS,4,7,TSCA,17,Y,NA
2215,ER2TS,4,8,BELE,16.6,Y,NA
2216,ER2TS,4,9,ACRU,19.1,Y,NA
2217,ER2TS,4,10,BELE,16.3,Y,NA
2218,ER2TS,4,11,ACRU,11.8,Y,NA
2219,ER2TS,4,12,FAGR,11.2,Y,NA
2220,ER2TS,4,13,TSCA,30,Y,NA
2221,ER2TS,4,14,BEPA,23,Y,NA
2222,ER2TS,4,15,TSCA,21.5,Y,NA
2223,ER2TS,4,16,TSCA,23.8,Y,NA
2224,ER2TS,4,17,BEPA,25.9,Y,NA
2225,ER2TS,4,18,BEPA,23.2,Y,NA
2226,ER2TS,4,19,TSCA,30.8,Y,NA
2227,ER2TS,4,20,TSCA,9.8,Y,NA
2228,ER2TS,4,21,TSCA,32.5,Y,NA
2229,ER2TS,4,22,TSCA,14.1,Y,NA
2230,ER2TS,4,23,TSCA,6.6,Y,NA
2231,ER2TS,4,24,TSCA,6.2,Y,NA
2232,ER2TS,4,25,TSCA,11.6,Y,NA
2233,ER2TS,4,26,TSCA,8.4,N,6
2234,ER2TS,5,1,TSCA,24.9,Y,NA
2235,ER2TS,5,2,TSCA,21.4,Y,NA
2236,ER2TS,5,3,ACRU,21.3,Y,NA
2237,ER2TS,5,4,FAGR,21.3,N,2
2238,ER2TS,5,5,BELE,18.7,Y,NA
2239,ER2TS,5,6,ACRU,15.1,Y,NA
2240,ER2TS,5,7,BELE,22.1,Y,NA
2241,ER2TS,5,8,TSCA,17,Y,NA
2242,ER2TS,5,9,TSCA,11.5,Y,NA
2243,ER2TS,5,10,TSCA,8.8,Y,NA
2244,ER2TS,5,11,BELE,10.1,Y,NA
2245,ER2TS,5,12,TSCA,11.2,Y,NA
2246,ER2TS,5,13,BEPA,15,N,5
2247,ER2TS,5,14,TSCA,29.2,Y,NA
2248,ER2TS,5,15,TSCA,8.1,Y,NA
2249,ER2TS,5,16,TSCA,5.8,N,5
2250,ER2TS,5,17,FAGR,19.5,N,5
2251,ER2TS,5,18,TSCA,17.8,Y,NA
2252,ER2TS,5,19,BELE,17.1,Y,NA
2253,ER2TS,5,20,TSCA,10.9,Y,NA
2254,ER2TS,5,21,BELE,12.8,Y,NA
2255,ER2TS,5,22,BEPA,26.5,Y,NA
2256,ER2TS,5,23,TSCA,6.6,Y,NA
2257,ER2TS,5,24,TSCA,17.2,Y,NA
2258,ER2TS,5,25,TSCA,8.8,Y,NA
2259,ER2TS,5,26,TSCA,18.6,Y,NA
2260,ER2TS,5,27,BELE,32.3,Y,NA
2261,ER2TS,5,28,TSCA,12.8,Y,NA
2262,ER2TS,5,29,TSCA,13,Y,NA
2263,ER2TS,5,30,TSCA,6,Y,NA
2264,ER2TS,5,31,TSCA,12,Y,NA
2265,ER2MD,1,1,ACRU,14.1,N,3
2266,ER2MD,1,2,FRAM,14.2,Y,NA
2267,ER2MD,1,3,ACRU,20.7,Y,NA
2268,ER2MD,1,4,FAGR,12.6,Y,NA
2269,ER2MD,1,5,TSCA,10.2,Y,NA
2270,ER2MD,1,6,ACSA,8.6,Y,NA
2271,ER2MD,1,7,FAGR,20.8,Y,NA
2272,ER2MD,1,8,ACRU,16.8,Y,NA
2273,ER2MD,1,9,ACSA,15.2,Y,NA
2274,ER2MD,1,10,ACSA,16.7,Y,NA
2275,ER2MD,1,11,FAGR,16.7,Y,NA
2276,ER2MD,1,12,ACRU,19.7,Y,NA
2277,ER2MD,1,13,FAGR,31.4,Y,NA
2278,ER2MD,1,14,FAGR,5,Y,NA
2279,ER2MD,1,15,ACRU,36.2,Y,NA
2280,ER2MD,1,16,FRAM,19,Y,NA
2281,ER2MD,1,17,ACRU,26.5,Y,NA
2282,ER2MD,1,18,TSCA,7.8,Y,NA
2283,ER2MD,2,1,BELE,22.8,Y,NA
2284,ER2MD,2,2,BELE,21.6,Y,NA
2285,ER2MD,2,3,FAGR,12.5,Y,NA
2286,ER2MD,2,4,ACSA,7.4,Y,NA
2287,ER2MD,2,5,BELE,30.6,Y,NA
2288,ER2MD,2,6,ACRU,30.4,Y,NA
2289,ER2MD,2,7,TSCA,47.3,Y,NA
2290,ER2MD,2,8,TSCA,9.6,Y,NA
2291,ER2MD,2,9,BELE,26.8,Y,NA
2292,ER2MD,2,10,TSCA,8.4,Y,NA
2293,ER2MD,2,11,FAGR,11.1,Y,NA
2294,ER2MD,2,12,TSCA,29.1,Y,NA
2295,ER2MD,2,13,FAGR,15.5,Y,NA
2296,ER2MD,2,14,FAGR,6.9,Y,NA
2297,ER2MD,2,15,TSCA,8.6,Y,NA
2298,ER2MD,3,1,ACRU,22.1,Y,NA
2299,ER2MD,3,2,TSCA,38.8,Y,NA
2300,ER2MD,3,3,FAGR,7.3,Y,NA
2301,ER2MD,3,4,ACRU,19.2,Y,NA
2302,ER2MD,3,5,ACRU,18.4,Y,NA
2303,ER2MD,3,6,ACRU,20.1,Y,NA
2304,ER2MD,3,7,ACRU,21.5,Y,NA
2305,ER2MD,3,8,ACRU,9.7,Y,NA
2306,ER2MD,3,9,FAGR,5.5,Y,NA
2307,ER2MD,3,10,ACSA,8.5,Y,NA
2308,ER2MD,3,11,FAGR,5.3,N,3
2309,ER2MD,3,12,BELE,18.2,Y,NA
2310,ER2MD,3,13,ACSA,5.4,Y,NA
2311,ER2MD,4,1,FAGR,23,Y,NA
2312,ER2MD,4,2,FAGR,17.7,Y,NA
2313,ER2MD,4,3,QURU,47.3,Y,NA
2314,ER2MD,4,4,ACSA,9.5,Y,NA
2315,ER2MD,4,5,ACRU,25.8,Y,NA
2316,ER2MD,4,6,FAGR,8.4,Y,NA
2317,ER2MD,4,7,ACSA,10,Y,NA
2318,ER2MD,4,8,ACRU,28.5,Y,NA
2319,ER2MD,4,9,TSCA,41.2,Y,NA
2320,ER2MD,4,10,ACSA,8.3,Y,NA
2321,ER2MD,4,11,ACSA,8.4,Y,NA
2322,ER2MD,4,12,ACSP,6.9,N,5
2323,ER2MD,5,1,QURU,48.9,Y,NA
2324,ER2MD,5,2,BELE,31.2,Y,NA
2325,ER2MD,5,3,ACRU,23.4,Y,NA
2326,ER2MD,5,4,FAGR,7.7,Y,NA
2327,ER2MD,5,5,FAGR,13.8,Y,NA
2328,ER2MD,5,6,FAGR,7.6,Y,NA
2329,ER2MD,5,7,BEPA,28.9,Y,NA
2330,ER2MD,5,8,FAGR,6.1,Y,NA
2331,ER2MD,5,9,FAGR,8.3,Y,NA
2332,ER2MD,5,10,TSCA,6.5,Y,NA
2333,ER2MD,5,11,ACRU,13.4,Y,NA
2334,ER2MD,5,12,BEPA,19.4,Y,NA
2335,ER2MD,5,13,BEPA,23.7,Y,NA
2336,ER2MD,5,14,ACSA,9.8,Y,NA
2337,ER2MD,5,15,ACSP,5.3,N,1
2338,ER2MD,5,16,TSCA,7.3,Y,NA
2339,ER2MD,5,17,ACRU,11.8,Y,NA
2340,ER2MD,5,18,ACRU,21.7,Y,NA
2341,ER2MD,5,19,UNKN,5,N,4
2342,ER2MD,5,20,FAGR,30.5,Y,NA
2343,ER2MD,5,21,ACRU,13.4,Y,NA
2344,ER2MD,5,22,ACRU,8.4,Y,NA
2345,ER2MD,5,23,TSCA,12.3,Y,NA
2346,ER2MD,5,24,FAGR,13.5,Y,NA
2347,ER2MD,5,25,ACSA,16.5,Y,NA
2348,ER2MD,5,26,ACSA,5.8,N,6
2349,ER2MD,5,27,ACRU,14.7,Y,NA
2350,WA2TS,1,1,FAGR,25.2,N,3
2351,WA2TS,1,2,TSCA,30.8,Y,NA
2352,WA2TS,1,3,TSCA,34.7,Y,NA
2353,WA2TS,1,4,TSCA,29.2,Y,NA
2354,WA2TS,1,5,TSCA,42.7,Y,NA
2355,WA2TS,1,6,TSCA,41.8,Y,NA
2356,WA2TS,1,7,TSCA,14.3,N,5
2357,WA2TS,1,8,TSCA,31.1,Y,NA
2358,WA2TS,2,1,TSCA,31.9,Y,NA
2359,WA2TS,2,2,TSCA,15.3,Y,NA
2360,WA2TS,2,3,TSCA,18,Y,NA
2361,WA2TS,2,4,TSCA,25,Y,NA
2362,WA2TS,2,5,BELE,55.9,Y,NA
2363,WA2TS,2,6,BELE,40,N,1
2364,WA2TS,2,7,TSCA,31.5,Y,NA
2365,WA2TS,2,8,BELE,32.2,Y,NA
2366,WA2TS,2,9,BELE,54.1,Y,NA
2367,WA2TS,2,10,TSCA,33.7,N,12
2368,WA2TS,2,11,TSCA,13.4,N,10
2369,WA2TS,3,1,TSCA,15.1,N,10
2370,WA2TS,3,2,TSCA,41.9,Y,NA
2371,WA2TS,3,3,ACSA,25.7,Y,NA
2372,WA2TS,3,4,QURU,59.2,Y,NA
2373,WA2TS,3,5,TSCA,35.6,Y,NA
2374,WA2TS,3,6,TSCA,21.9,Y,NA
2375,WA2TS,3,7,TSCA,21.9,Y,NA
2376,WA2TS,3,8,BELE,31.1,Y,NA
2377,WA2TS,3,9,TSCA,15,Y,NA
2378,WA2TS,3,10,BELE,28.3,Y,NA
2379,WA2TS,3,11,BELE,34.9,N,12
2380,WA2TS,3,12,TSCA,45.3,Y,NA
2381,WA2TS,3,13,TSCA,24.1,Y,NA
2382,WA2TS,3,14,TSCA,34.7,Y,NA
2383,WA2TS,3,15,TSCA,19.3,Y,NA
2384,WA2TS,4,1,TSCA,35.6,Y,NA
2385,WA2TS,4,2,TSCA,24.1,Y,NA
2386,WA2TS,4,3,ACRU,30.3,Y,NA
2387,WA2TS,4,4,TSCA,17.5,Y,NA
2388,WA2TS,4,5,TSCA,32.2,Y,NA
2389,WA2TS,4,6,BELE,41.8,Y,NA
2390,WA2TS,4,7,TSCA,24.1,Y,NA
2391,WA2TS,4,8,BELE,37.3,Y,NA
2392,WA2TS,4,9,BELE,28.8,Y,NA
2393,WA2TS,4,10,QURU,50.5,Y,NA
2394,WA2TS,4,11,QURU,44.9,Y,NA
2395,WA2TS,4,12,TSCA,28,N,10
2396,WA2TS,4,13,TSCA,37,Y,NA
2397,WA2TS,4,14,TSCA,24.6,Y,NA
2398,WA2TS,4,15,BELE,34.2,Y,NA
2399,WA2TS,4,16,TSCA,42.4,Y,NA
2400,WA2TS,4,17,TSCA,26.8,Y,NA
2401,WA2TS,5,1,TSCA,27.1,Y,NA
2402,WA2TS,5,2,TSCA,55.4,Y,NA
2403,WA2TS,5,3,TSCA,37.4,Y,NA
2404,WA2TS,5,4,QURU,58.3,Y,NA
2405,WA2TS,5,5,TSCA,11.7,Y,NA
2406,WA2TS,5,6,QURU,49.1,Y,NA
2407,WA3MD,1,1,ACSA,5.8,Y,NA
2408,WA3MD,1,2,ACSA,62.5,Y,NA
2409,WA3MD,1,3,PIRU,8.4,Y,NA
2410,WA3MD,1,4,BELE,11,Y,NA
2411,WA3MD,1,5,PIRU,6.8,Y,NA
2412,WA3MD,1,6,PIRU,5.3,Y,NA
2413,WA3MD,1,7,PIRU,6.1,Y,NA
2414,WA3MD,1,8,ACSA,42.2,Y,NA
2415,WA3MD,1,9,PIRU,13.4,Y,NA
2416,WA3MD,1,10,PIRU,13.4,Y,NA
2417,WA3MD,1,11,ACRU,18.5,Y,NA
2418,WA3MD,1,12,ACRU,8.3,Y,NA
2419,WA3MD,1,13,PRSE,29.9,Y,NA
2420,WA3MD,1,14,ACSA,5.3,Y,NA
2421,WA3MD,1,15,ACSA,15,Y,NA
2422,WA3MD,1,16,PIST,8.4,N,4
2423,WA3MD,1,17,OSVI,8.5,Y,NA
2424,WA3MD,1,18,ACRU,9.4,Y,NA
2425,WA3MD,2,1,BELE,17.5,Y,NA
2426,WA3MD,2,2,ACSA,25.9,Y,NA
2427,WA3MD,2,3,ACSA,22.6,N,1
2428,WA3MD,2,4,BEAL,12.7,Y,NA
2429,WA3MD,2,5,ACSA,38.6,Y,NA
2430,WA3MD,2,6,BELE,5.8,Y,NA
2431,WA3MD,2,7,BELE,17.6,Y,NA
2432,WA3MD,2,8,ACRU,5.3,Y,NA
2433,WA3MD,2,9,BELE,24.6,Y,NA
2434,WA3MD,2,10,FAGR,7.1,Y,NA
2435,WA3MD,2,11,QURU,8.6,Y,NA
2436,WA3MD,2,12,OSVI,10.5,Y,NA
2437,WA3MD,2,13,TSCA,13.2,Y,NA
2438,WA3MD,2,14,ACSA,41.5,Y,NA
2439,WA3MD,2,15,TSCA,11.4,Y,NA
2440,WA3MD,2,16,BEAL,5.7,Y,NA
2441,WA3MD,2,17,TSCA,15.2,Y,NA
2442,WA3MD,2,18,BEAL,12.8,Y,NA
2443,WA3MD,3,1,FAGR,13.5,Y,NA
2444,WA3MD,3,2,PIST,19.5,N,12
2445,WA3MD,3,3,PIST,12.7,N,10
2446,WA3MD,3,4,PIST,16.4,N,10
2447,WA3MD,3,5,PIST,15.5,N,2
2448,WA3MD,3,6,ACRU,6.4,Y,NA
2449,WA3MD,3,7,ACRU,5.3,Y,NA
2450,WA3MD,3,8,PIST,18.9,Y,NA
2451,WA3MD,3,9,ACRU,7.8,Y,NA
2452,WA3MD,3,10,ACRU,9.4,Y,NA
2453,WA3MD,3,11,PIST,46.7,Y,NA
2454,WA3MD,3,12,ACRU,7.3,Y,NA
2455,WA3MD,3,13,ACRU,7.5,Y,NA
2456,WA3MD,3,14,PIST,46.5,Y,NA
2457,WA3MD,3,15,PIST,41.6,Y,NA
2458,WA3MD,3,16,FAGR,6.8,Y,NA
2459,WA3MD,3,17,ACRU,61.5,Y,NA
2460,WA3MD,3,18,ACRU,9.6,Y,NA
2461,WA3MD,3,19,PIST,25.2,Y,NA
2462,WA3MD,3,20,ACRU,10.2,Y,NA
2463,WA3MD,3,21,PIST,28.9,Y,NA
2464,WA3MD,4,1,PIST,15.3,N,8
2465,WA3MD,4,2,ACSA,8.4,Y,NA
2466,WA3MD,4,3,PIST,34,N,18
2467,WA3MD,4,4,PIST,32.5,N,10
2468,WA3MD,4,5,FRAM,39.9,Y,NA
2469,WA3MD,4,6,ACSA,43.7,Y,NA
2470,WA3MD,4,7,ACRU,6.3,Y,NA
2471,WA3MD,4,8,FRAM,12.5,Y,NA
2472,WA3MD,4,9,FRAM,36.2,Y,NA
2473,WA3MD,4,10,PIST,11.7,N,8
2474,WA3MD,4,11,ACRU,6,Y,NA
2475,WA3MD,4,12,PIST,36.7,Y,NA
2476,WA3MD,4,13,FAGR,11,Y,NA
2477,WA3MD,4,14,FAGR,8.4,Y,NA
2478,WA3MD,4,15,PIST,24.5,Y,NA
2479,WA3MD,4,16,ACSA,6.5,Y,NA
2480,WA3MD,4,17,BEAL,10.2,Y,NA
2481,WA3MD,4,18,PIST,21.7,Y,NA
2482,WA3MD,4,19,PIST,23.7,N,8
2483,WA3MD,4,20,PIST,11.4,N,8
2484,WA3MD,4,21,ACSA,6.8,Y,NA
2485,WA3MD,4,22,PIST,16.6,N,10
2486,WA3MD,4,23,PIST,11.3,N,10
2487,WA3MD,4,24,ACRU,6.7,Y,NA
2488,WA3MD,5,1,PRSE,7.2,Y,NA
2489,WA3MD,5,2,FRAM,25,Y,NA
2490,WA3MD,5,3,ACRU,11.9,Y,NA
2491,WA3MD,5,4,ACRU,10.2,Y,NA
2492,WA3MD,5,5,ACRU,9.1,Y,NA
2493,WA3MD,5,6,ACRU,7.6,Y,NA
2494,WA3MD,5,7,BELE,6.9,N,3
2495,WA3MD,5,8,PIST,13.5,N,6
2496,WA3MD,5,9,ACSA,6,Y,NA
2497,WA3MD,5,10,ACSA,51,Y,NA
2498,WA3MD,5,11,ACRU,13.8,Y,NA
2499,WA3MD,5,12,QURU,8.9,Y,NA
2500,WA3MD,5,13,PRSE,13.8,N,12
2501,WA3MD,5,14,FAGR,8.6,Y,NA
2502,WA3MD,5,15,FRAM,7.6,Y,NA
2503,WA3MD,5,16,PRSE,12,N,4
2504,WA3MD,5,17,ACSA,5.2,Y,NA
2505,WA3TS,1,1,ACRU,34.7,Y,NA
2506,WA3TS,1,2,ACRU,23.8,Y,NA
2507,WA3TS,1,3,TSCA,32.1,Y,NA
2508,WA3TS,1,4,ACRU,13.2,Y,NA
2509,WA3TS,1,5,FRAM,41.2,Y,NA
2510,WA3TS,1,6,TSCA,38.1,Y,NA
2511,WA3TS,1,7,BELE,34.4,Y,NA
2512,WA3TS,1,8,ACSA,12.3,N,14
2513,WA3TS,1,9,UNKN,15.9,N,2
2514,WA3TS,1,10,ACRU,25.3,Y,NA
2515,WA3TS,1,11,TSCA,29.8,Y,NA
2516,WA3TS,1,12,ACRU,20.7,Y,NA
2517,WA3TS,1,13,TSCA,14.4,Y,NA
2518,WA3TS,1,14,UNKN,16.2,N,1
2519,WA3TS,2,1,TSCA,20.8,Y,NA
2520,WA3TS,2,2,BELE,32.4,Y,NA
2521,WA3TS,2,3,TSCA,22.5,Y,NA
2522,WA3TS,2,4,TSCA,6.8,Y,NA
2523,WA3TS,2,5,BEAL,11,Y,NA
2524,WA3TS,2,6,TSCA,21,Y,NA
2525,WA3TS,2,7,ACSA,18.9,Y,NA
2526,WA3TS,2,8,TSCA,12.7,Y,NA
2527,WA3TS,2,9,OSVI,9.8,Y,NA
2528,WA3TS,2,10,FRAM,37.6,Y,NA
2529,WA3TS,2,11,FRAM,42.2,Y,NA
2530,WA3TS,2,12,OSVI,8.5,N,4
2531,WA3TS,2,13,ACRU,38.8,Y,NA
2532,WA3TS,2,14,TSCA,13.6,Y,NA
2533,WA3TS,3,1,ACSA,27.3,Y,NA
2534,WA3TS,3,2,FAGR,9.7,Y,NA
2535,WA3TS,3,3,TSCA,11,Y,NA
2536,WA3TS,3,4,ACRU,31.8,Y,NA
2537,WA3TS,3,5,ACSA,16.7,Y,NA
2538,WA3TS,3,6,FRAM,36.6,Y,NA
2539,WA3TS,3,7,TSCA,19.6,Y,NA
2540,WA3TS,3,8,TSCA,34,Y,NA
2541,WA3TS,3,9,ACRU,39,Y,NA
2542,WA3TS,3,10,TSCA,15.7,Y,NA
2543,WA3TS,3,11,OSVI,13.8,N,12
2544,WA3TS,3,12,FRAM,31.2,Y,NA
2545,WA3TS,3,13,BELE,14.2,Y,NA
2546,WA3TS,3,14,ACRU,13.1,Y,NA
2547,WA3TS,3,15,ACSA,6,Y,NA
2548,WA3TS,3,16,TSCA,26.3,Y,NA
2549,WA3TS,4,1,BELE,24.5,Y,NA
2550,WA3TS,4,2,TSCA,33.2,Y,NA
2551,WA3TS,4,3,TSCA,13.5,Y,NA
2552,WA3TS,4,4,TSCA,19.7,Y,NA
2553,WA3TS,4,5,TSCA,32.3,Y,NA
2554,WA3TS,4,6,BELE,28.5,Y,NA
2555,WA3TS,4,7,BELE,26.5,N,2
2556,WA3TS,4,8,TSCA,7.3,Y,NA
2557,WA3TS,4,9,BELE,17.5,N,2
2558,WA3TS,4,10,FRAM,34,Y,NA
2559,WA3TS,4,11,FRAM,22.5,N,12
2560,WA3TS,4,12,BELE,28.7,Y,NA
2561,WA3TS,4,13,BELE,28.4,Y,NA
2562,WA3TS,4,14,BEAL,40.2,Y,NA
2563,WA3TS,4,15,FRAM,10.6,Y,NA
2564,WA3TS,4,16,BELE,33.7,Y,NA
2565,WA3TS,5,1,FRAM,25.2,Y,NA
2566,WA3TS,5,2,TSCA,24,Y,NA
2567,WA3TS,5,3,TSCA,9.3,Y,NA
2568,WA3TS,5,4,TSCA,39.1,Y,NA
2569,WA3TS,5,5,ACRU,30,Y,NA
2570,WA3TS,5,6,BELE,15.3,N,5
2571,WA3TS,5,7,TSCA,19.2,Y,NA
2572,WA3TS,5,8,ACRU,32.8,Y,NA
2573,WA3TS,5,9,BELE,29.5,Y,NA
2574,WA3TS,5,10,TSCA,38.6,Y,NA
2575,WA3TS,5,11,TSCA,20.3,Y,NA
2576,WA3TS,5,12,TSCA,26.2,Y,NA
2577,WA3TS,5,13,ACRU,21.3,Y,NA
2578,WA3TS,5,14,TSCA,30.6,Y,NA
2579,WA3TS,5,15,TSCA,11.9,N,3
2580,WA3TS,5,16,TSCA,9.3,N,8
2581,WA3TS,5,17,ACRU,29.8,Y,NA
2582,WA3TS,5,18,ACRU,25,Y,NA
2583,WA3TS,5,19,TSCA,18.5,Y,NA
2584,WA3TS,5,20,ACRU,23,N,16
2585,WA3TS,5,21,ACRU,28.7,Y,NA
2586,WA3TS,5,22,ACSA,18.7,Y,NA
2587,WA1TS,1,1,TSCA,23.6,Y,NA
2588,WA1TS,1,2,TSCA,16.8,Y,NA
2589,WA1TS,1,3,TSCA,33.7,Y,NA
2590,WA1TS,1,4,TSCA,26.8,Y,NA
2591,WA1TS,1,5,TSCA,33.5,Y,NA
2592,WA1TS,1,6,TSCA,7.5,N,3
2593,WA1TS,1,7,TSCA,26.7,Y,NA
2594,WA1TS,1,8,TSCA,38,Y,NA
2595,WA1TS,1,9,BELE,14.5,Y,NA
2596,WA1TS,1,10,TSCA,32,Y,NA
2597,WA1TS,1,11,TSCA,35.8,Y,NA
2598,WA1TS,1,12,TSCA,36.5,Y,NA
2599,WA1TS,1,13,UNKN,12.5,N,3
2600,WA1TS,1,14,TSCA,39.4,Y,NA
2601,WA1TS,1,15,TSCA,35.5,Y,NA
2602,WA1TS,2,1,TSCA,38.5,Y,NA
2603,WA1TS,2,2,TSCA,38.7,Y,NA
2604,WA1TS,2,3,TSCA,37.6,Y,NA
2605,WA1TS,2,4,TSCA,24.5,Y,NA
2606,WA1TS,2,5,TSCA,34.4,Y,NA
2607,WA1TS,2,6,TSCA,22.9,Y,NA
2608,WA1TS,2,7,QURU,24.8,Y,NA
2609,WA1TS,2,8,QURU,36.2,Y,NA
2610,WA1TS,2,9,TSCA,39.3,Y,NA
2611,WA1TS,2,10,TSCA,24.3,Y,NA
2612,WA1TS,2,11,BELE,16.8,Y,NA
2613,WA1TS,2,12,BELE,22.9,Y,NA
2614,WA1TS,2,13,TSCA,44.5,Y,NA
2615,WA1TS,3,1,TSCA,23.5,Y,NA
2616,WA1TS,3,2,TSCA,19,Y,NA
2617,WA1TS,3,3,TSCA,42.5,Y,NA
2618,WA1TS,3,4,TSCA,32,Y,NA
2619,WA1TS,3,5,TSCA,40.3,N,12
2620,WA1TS,3,6,TSCA,39.5,N,12
2621,WA1TS,3,7,TSCA,32.8,N,6
2622,WA1TS,3,8,TSCA,6.3,Y,NA
2623,WA1TS,3,9,TSCA,24,Y,NA
2624,WA1TS,3,10,TSCA,6.7,Y,NA
2625,WA1TS,3,11,TSCA,49,Y,NA
2626,WA1TS,3,12,TSCA,10.5,Y,NA
2627,WA1TS,3,13,TSCA,10.2,Y,NA
2628,WA1TS,3,14,TSCA,6.2,Y,NA
2629,WA1TS,3,15,TSCA,5.5,Y,NA
2630,WA1TS,3,16,TSCA,8.3,Y,NA
2631,WA1TS,3,17,TSCA,27.8,Y,NA
2632,WA1TS,3,18,TSCA,23.1,Y,NA
2633,WA1TS,3,19,TSCA,19.4,N,6
2634,WA1TS,3,20,TSCA,11,Y,NA
2635,WA1TS,3,21,TSCA,7.2,Y,NA
2636,WA1TS,3,22,TSCA,18.7,Y,NA
2637,WA1TS,3,23,TSCA,6.1,Y,NA
2638,WA1TS,3,24,TSCA,12.5,Y,NA
2639,WA1TS,3,25,TSCA,10.5,Y,NA
2640,WA1TS,3,26,TSCA,8.5,Y,NA
2641,WA1TS,3,27,TSCA,13.5,Y,NA
2642,WA1TS,3,28,TSCA,7,Y,NA
2643,WA1TS,4,1,TSCA,42.6,Y,NA
2644,WA1TS,4,2,TSCA,45.9,Y,NA
2645,WA1TS,4,3,TSCA,49.3,Y,NA
2646,WA1TS,4,4,TSCA,53.1,Y,NA
2647,WA1TS,4,5,TSCA,50.5,Y,NA
2648,WA1TS,4,6,TSCA,35.8,Y,NA
2649,WA1TS,4,7,TSCA,36.2,Y,NA
2650,WA1TS,4,8,TSCA,32.2,Y,NA
2651,WA1TS,5,1,TSCA,47.9,Y,NA
2652,WA1TS,5,2,TSCA,35.4,Y,NA
2653,WA1TS,5,3,TSCA,19.7,Y,NA
2654,WA1TS,5,4,TSCA,29.9,Y,NA
2655,WA1TS,5,5,PIST,43,Y,NA
2656,WA1TS,5,6,TSCA,23.7,Y,NA
2657,WA1TS,5,7,TSCA,27.6,Y,NA
2658,WA1TS,5,8,TSCA,21.1,Y,NA
2659,WA1TS,5,9,TSCA,20.4,Y,NA
2660,WA1TS,5,10,TSCA,7.4,N,5
2661,WA1TS,5,11,BELE,21.2,Y,NA
2662,WA1TS,5,12,TSCA,35.3,Y,NA
2663,WA1TS,5,13,PIST,31.8,Y,NA
2664,WA1TS,5,14,TSCA,20,N,8
2665,WA1TS,5,15,TSCA,27.9,Y,NA
2666,WA1TS,5,16,TSCA,14.5,Y,NA
2667,WA1TS,5,17,TSCA,35.3,Y,NA
2668,WA1TS,5,18,TSCA,17.5,Y,NA
2669,WA1MD,1,1,FAGR,21,Y,NA
2670,WA1MD,1,2,QURU,59.6,Y,NA
2671,WA1MD,1,3,FAGR,7.6,Y,NA
2672,WA1MD,1,4,FAGR,5.9,Y,NA
2673,WA1MD,1,5,FAGR,8.1,Y,NA
2674,WA1MD,1,6,QURU,17,N,14
2675,WA1MD,1,7,FAGR,7,Y,NA
2676,WA1MD,1,8,FAGR,14.4,Y,NA
2677,WA1MD,1,9,FAGR,9.4,Y,NA
2678,WA1MD,1,10,FAGR,6.2,N,3
2679,WA1MD,1,11,BEAL,24.5,Y,NA
2680,WA1MD,1,12,QURU,25,Y,NA
2681,WA1MD,1,13,ACRU,35.4,Y,NA
2682,WA1MD,1,14,ACRU,10.8,Y,NA
2683,WA1MD,1,15,HAVI,6.4,Y,NA
2684,WA1MD,1,16,QURU,37.8,Y,NA
2685,WA1MD,1,17,FAGR,10.6,Y,NA
2686,WA1MD,1,18,ACRU,16.5,Y,NA
2687,WA1MD,2,1,UNKN,14,N,5
2688,WA1MD,2,2,ACRU,12.7,N,8
2689,WA1MD,2,3,HAVI,6.5,Y,NA
2690,WA1MD,2,4,BELE,25.8,Y,NA
2691,WA1MD,2,5,ACRU,27.4,Y,NA
2692,WA1MD,2,6,QURU,17.6,Y,NA
2693,WA1MD,2,7,ACRU,9.2,Y,NA
2694,WA1MD,2,8,FAGR,7.3,Y,NA
2695,WA1MD,2,9,ACRU,7.8,Y,NA
2696,WA1MD,2,10,ACRU,13.5,Y,NA
2697,WA1MD,2,11,BELE,14.3,Y,NA
2698,WA1MD,2,12,BELE,6.3,Y,NA
2699,WA1MD,2,13,ACRU,10.4,Y,NA
2700,WA1MD,2,14,ACRU,14.7,N,2
2701,WA1MD,2,15,BELE,12.6,Y,NA
2702,WA1MD,2,16,BELE,12.1,Y,NA
2703,WA1MD,3,1,QURU,34.1,Y,NA
2704,WA1MD,3,2,ACRU,9.6,Y,NA
2705,WA1MD,3,3,ACRU,10.3,Y,NA
2706,WA1MD,3,4,ACRU,6.2,Y,NA
2707,WA1MD,3,5,QURU,22.3,Y,NA
2708,WA1MD,3,6,ACRU,13.9,Y,NA
2709,WA1MD,3,7,ACRU,8.2,Y,NA
2710,WA1MD,3,8,BELE,10.4,Y,NA
2711,WA1MD,3,9,HAVI,6.1,Y,NA
2712,WA1MD,3,10,HAVI,5.9,Y,NA
2713,WA1MD,3,11,HAVI,7.5,Y,NA
2714,WA1MD,3,12,BELE,16.5,Y,NA
2715,WA1MD,3,13,PIST,10,N,2
2716,WA1MD,3,14,HAVI,6.6,Y,NA
2717,WA1MD,3,15,FAGR,6,Y,NA
2718,WA1MD,3,16,FAGR,6.9,Y,NA
2719,WA1MD,3,17,QURU,9.1,Y,NA
2720,WA1MD,3,18,ACRU,10.7,Y,NA
2721,WA1MD,4,1,QURU,79,Y,NA
2722,WA1MD,4,2,ACRU,6.5,Y,NA
2723,WA1MD,4,3,HAVI,5.2,Y,NA
2724,WA1MD,4,4,HAVI,5.3,Y,NA
2725,WA1MD,4,5,QURU,29,Y,NA
2726,WA1MD,4,6,QURU,41.6,Y,NA
2727,WA1MD,4,7,HAVI,6.3,Y,NA
2728,WA1MD,4,8,HAVI,5.9,Y,NA
2729,WA1MD,4,9,ACSA,7.5,Y,NA
2730,WA1MD,4,10,ACRU,15.1,Y,NA
2731,WA1MD,5,1,BELE,8.3,Y,NA
2732,WA1MD,5,2,ACRU,17.4,N,6
2733,WA1MD,5,3,ACRU,7.1,Y,NA
2734,WA1MD,5,4,ACRU,11.4,Y,NA
2735,WA1MD,5,5,ACRU,6.5,N,4
2736,WA1MD,5,6,ACRU,10.6,Y,NA
2737,WA1MD,5,7,ACRU,20.3,Y,NA
2738,WA1MD,5,8,FAGR,13.3,Y,NA
2739,WA1MD,5,9,QURU,32.5,Y,NA
2740,WA1MD,5,10,FAGR,5.9,Y,NA
2741,WA1MD,5,11,QURU,23.2,Y,NA
2742,WA1MD,5,12,ACRU,8.6,Y,NA
2743,WA1MD,5,13,BELE,26,Y,NA
2744,WA1MD,5,14,BELE,17.6,Y,NA
2745,WA1MD,5,15,BELE,25.2,Y,NA
2746,WA1MD,5,16,FAGR,6.9,Y,NA
2747,WA1MD,5,17,ACRU,25.2,Y,NA
2748,WA1MD,5,18,ACRU,19.4,N,4
2749,WA1MD,5,19,FAGR,12.1,Y,NA
2750,WA2MD,1,1,QURU,25.9,Y,NA
2751,WA2MD,1,2,QURU,17.6,Y,NA
2752,WA2MD,1,3,OSVI,5.2,Y,NA
2753,WA2MD,1,4,QURU,28,Y,NA
2754,WA2MD,1,5,QURU,23.1,Y,NA
2755,WA2MD,1,6,QURU,11,N,5
2756,WA2MD,1,7,QURU,13.5,Y,NA
2757,WA2MD,1,8,QURU,22,Y,NA
2758,WA2MD,1,9,QURU,10,N,2
2759,WA2MD,1,10,QURU,11,N,4
2760,WA2MD,1,11,QURU,25.1,Y,NA
2761,WA2MD,1,12,QURU,15.9,Y,NA
2762,WA2MD,1,13,QURU,19.4,Y,NA
2763,WA2MD,1,14,QURU,15.6,Y,NA
2764,WA2MD,1,15,OSVI,5.1,Y,NA
2765,WA2MD,1,16,OSVI,5,Y,NA
2766,WA2MD,1,17,QURU,12.7,N,6
2767,WA2MD,1,18,QURU,16.2,Y,NA
2768,WA2MD,1,19,QURU,12,N,6
2769,WA2MD,1,20,QURU,25.3,Y,NA
2770,WA2MD,1,21,QURU,18.9,Y,NA
2771,WA2MD,1,22,QURU,11.7,N,5
2772,WA2MD,1,23,QURU,15.6,Y,NA
2773,WA2MD,1,24,OSVI,5.7,Y,NA
2774,WA2MD,1,25,OSVI,5.6,Y,NA
2775,WA2MD,2,1,FAGR,32.6,Y,NA
2776,WA2MD,2,2,FAGR,21,Y,NA
2777,WA2MD,2,3,QURU,52.5,Y,NA
2778,WA2MD,2,4,FAGR,26,Y,NA
2779,WA2MD,2,5,OSVI,15.9,Y,NA
2780,WA2MD,2,6,OSVI,7.3,Y,NA
2781,WA2MD,2,7,OSVI,8.5,Y,NA
2782,WA2MD,2,8,QURU,38.3,Y,NA
2783,WA2MD,2,9,ACRU,20.5,Y,NA
2784,WA2MD,2,10,ACRU,22.1,Y,NA
2785,WA2MD,2,11,FAGR,13.4,Y,NA
2786,WA2MD,2,12,ACRU,13,Y,NA
2787,WA2MD,2,13,ACRU,9.4,N,3
2788,WA2MD,3,1,QURU,18.7,Y,NA
2789,WA2MD,3,2,QURU,5.1,N,3
2790,WA2MD,3,3,QURU,30.5,Y,NA
2791,WA2MD,3,4,QURU,10,N,6
2792,WA2MD,3,5,QURU,19.8,Y,NA
2793,WA2MD,3,6,QURU,42.6,Y,NA
2794,WA2MD,3,7,QURU,14.2,Y,NA
2795,WA2MD,3,8,FAGR,6,Y,NA
2796,WA2MD,3,9,QURU,21.6,Y,NA
2797,WA2MD,3,10,FAGR,6.3,N,2
2798,WA2MD,3,11,QURU,13,Y,NA
2799,WA2MD,3,12,QURU,6.3,N,3
2800,WA2MD,3,13,QURU,14,N,8
2801,WA2MD,3,14,QURU,14.2,Y,NA
2802,WA2MD,3,15,QURU,11.7,N,6
2803,WA2MD,3,16,FAGR,8.2,Y,NA
2804,WA2MD,3,17,QURU,13.1,Y,NA
2805,WA2MD,3,18,QURU,12.3,Y,NA
2806,WA2MD,3,19,FAGR,9.1,Y,NA
2807,WA2MD,3,20,QURU,18.7,Y,NA
2808,WA2MD,3,21,QURU,6.1,Y,NA
2809,WA2MD,3,22,QURU,25.8,Y,NA
2810,WA2MD,3,23,FAGR,8.8,N,2
2811,WA2MD,3,24,QURU,10.8,N,8
2812,WA2MD,4,1,FAGR,9.8,Y,NA
2813,WA2MD,4,2,QURU,32.5,Y,NA
2814,WA2MD,4,3,QURU,14,N,3
2815,WA2MD,4,4,QURU,20.6,Y,NA
2816,WA2MD,4,5,QURU,6.3,N,2
2817,WA2MD,4,6,UNKN,5.3,N,5
2818,WA2MD,4,7,FAGR,7.6,N,1
2819,WA2MD,4,8,QURU,25.4,Y,NA
2820,WA2MD,4,9,FAGR,12.2,Y,NA
2821,WA2MD,4,10,FAGR,9.8,Y,NA
2822,WA2MD,4,11,FAGR,7.2,Y,NA
2823,WA2MD,4,12,QURU,27.1,Y,NA
2824,WA2MD,4,13,FAGR,10,Y,NA
2825,WA2MD,4,14,FAGR,5.1,Y,NA
2826,WA2MD,4,15,FAGR,12.1,Y,NA
2827,WA2MD,4,16,FAGR,6.8,Y,NA
2828,WA2MD,4,17,FAGR,12.3,N,1
2829,WA2MD,4,18,QURU,43.3,Y,NA
2830,WA2MD,4,19,FAGR,11.6,N,1
2831,WA2MD,4,20,FAGR,13.8,Y,NA
2832,WA2MD,4,21,FAGR,9.6,Y,NA
2833,WA2MD,4,22,FAGR,7.7,Y,NA
2834,WA2MD,4,23,FAGR,8.1,Y,NA
2835,WA2MD,4,24,QURU,22.5,Y,NA
2836,WA2MD,4,25,FAGR,13.2,Y,NA
2837,WA2MD,4,26,QURU,16.1,Y,NA
2838,WA2MD,4,27,QURU,8,N,5
2839,WA2MD,4,28,QURU,14.4,N,3
2840,WA2MD,5,1,QURU,24.3,Y,NA
2841,WA2MD,5,2,QURU,35,Y,NA
2842,WA2MD,5,3,QURU,15.9,N,4
2843,WA2MD,5,4,QURU,33.4,Y,NA
2844,WA2MD,5,5,QURU,16.5,N,3
2845,WA2MD,5,6,QURU,27,Y,NA
2846,WA2MD,5,7,QURU,22.8,Y,NA
2847,WA2MD,5,8,FAGR,11.2,N,NA
2848,WA2MD,5,9,FAGR,21.4,Y,NA
2849,WA2MD,5,10,FAGR,22.7,N,5
2850,MGSFTS,1,1,TSCA,40.5,Y,NA
2851,MGSFTS,1,2,TSCA,47.3,Y,NA
2852,MGSFTS,1,3,TSCA,6.6,Y,NA
2853,MGSFTS,1,4,TSCA,21,Y,NA
2854,MGSFTS,1,5,TSCA,27,Y,NA
2855,MGSFTS,1,6,TSCA,12.7,N,12
2856,MGSFTS,1,7,TSCA,14.8,Y,NA
2857,MGSFTS,1,8,TSCA,10.9,Y,NA
2858,MGSFTS,1,9,ACRU,17.7,Y,NA
2859,MGSFTS,1,10,ACRU,12.6,N,1
2860,MGSFTS,1,11,TSCA,17,Y,NA
2861,MGSFTS,1,12,TSCA,20.5,Y,NA
2862,MGSFTS,1,13,TSCA,12.3,Y,NA
2863,MGSFTS,1,14,BELE,19.4,Y,NA
2864,MGSFTS,1,15,BEPA,17.9,Y,NA
2865,MGSFTS,1,16,TSCA,8,Y,NA
2866,MGSFTS,2,1,TSCA,10.5,Y,NA
2867,MGSFTS,2,2,BELE,25,Y,NA
2868,MGSFTS,2,3,TSCA,12.7,Y,NA
2869,MGSFTS,2,4,PIST,52.7,Y,NA
2870,MGSFTS,2,5,TSCA,8.3,Y,NA
2871,MGSFTS,2,6,TSCA,17.4,Y,NA
2872,MGSFTS,2,7,BELE,29.7,Y,NA
2873,MGSFTS,2,8,TSCA,45.6,Y,NA
2874,MGSFTS,2,9,TSCA,21.8,Y,NA
2875,MGSFTS,2,10,TSCA,37.8,Y,NA
2876,MGSFTS,2,11,TSCA,49.6,Y,NA
2877,MGSFTS,2,12,TSCA,25.2,Y,NA
2878,MGSFTS,2,13,FAGR,5.7,Y,NA
2879,MGSFTS,3,1,TSCA,18,Y,NA
2880,MGSFTS,3,2,PIST,21.8,Y,NA
2881,MGSFTS,3,3,BELE,19.9,Y,NA
2882,MGSFTS,3,4,TSCA,54.5,Y,NA
2883,MGSFTS,3,5,BELE,28.9,Y,NA
2884,MGSFTS,3,6,BELE,19.2,Y,NA
2885,MGSFTS,3,7,BEPA,15.5,Y,NA
2886,MGSFTS,3,8,BELE,16,Y,NA
2887,MGSFTS,3,9,FAGR,30.2,N,5
2888,MGSFTS,3,10,BEPA,14.5,Y,NA
2889,MGSFTS,3,11,TSCA,35,Y,NA
2890,MGSFTS,3,12,ACRU,31.3,Y,NA
2891,MGSFTS,3,13,BELE,19.8,Y,NA
2892,MGSFTS,3,14,TSCA,60.7,N,10
2893,MGSFTS,3,15,TSCA,5.5,Y,NA
2894,MGSFTS,4,1,TSCA,33.3,Y,NA
2895,MGSFTS,4,2,TSCA,25.5,Y,NA
2896,MGSFTS,4,3,BELE,16.6,Y,NA
2897,MGSFTS,4,4,ACRU,20.8,Y,NA
2898,MGSFTS,4,5,ACRU,16.9,Y,NA
2899,MGSFTS,4,6,BELE,28,Y,NA
2900,MGSFTS,4,7,BELE,16.4,Y,NA
2901,MGSFTS,4,8,TSCA,18,Y,NA
2902,MGSFTS,4,9,TSCA,19,Y,NA
2903,MGSFTS,4,10,BELE,25.5,Y,NA
2904,MGSFTS,4,11,BELE,17.8,Y,NA
2905,MGSFTS,4,12,BELE,11.9,Y,NA
2906,MGSFTS,4,13,TSCA,43.5,Y,NA
2907,MGSFTS,4,14,BELE,30.5,Y,NA
2908,MGSFTS,4,15,TSCA,9.7,N,8
2909,MGSFTS,4,16,TSCA,43.7,Y,NA
2910,MGSFTS,4,17,BELE,10.3,N,1
2911,MGSFTS,5,1,ACRU,30.6,Y,NA
2912,MGSFTS,5,2,TSCA,51,Y,NA
2913,MGSFTS,5,3,TSCA,22.8,Y,NA
2914,MGSFTS,5,4,TSCA,5.6,N,8
2915,MGSFTS,5,5,TSCA,5.4,N,8
2916,MGSFTS,5,6,TSCA,26,Y,NA
2917,MGSFTS,5,7,TSCA,20,Y,NA
2918,MGSFTS,5,8,TSCA,44.3,Y,NA
2919,MGSFTS,5,9,TSCA,21.1,Y,NA
2920,MGSFTS,5,10,TSCA,25.5,Y,NA
2921,MGSFTS,5,11,PIST,9.2,N,15
2922,MGSFTS,5,12,BELE,14.9,Y,NA
2923,MGSFTS,5,13,TSCA,7.5,Y,NA
2924,MGSFTS,5,14,ACRU,35.8,Y,NA
2925,MGSFTS,5,15,BELE,8.5,Y,NA
2926,MGSFTS,5,16,PIST,22.2,Y,NA
2927,MGSFTS,5,17,ACSA,7.4,N,12
2928,MGSFTS,5,18,ACRU,11.3,Y,NA
2929,MGSFTS,5,19,FAGR,16.1,Y,NA
2930,MGSFTS,5,20,BELE,17.4,Y,NA
2931,MGSFTS,5,21,TSCA,38.2,Y,NA
2932,MGSFMD,1,#REF!,ACRU,21.4,Y,NA
2933,MGSFMD,1,#REF!,ACSA,10.2,Y,NA
2934,MGSFMD,1,#REF!,FAGR,8.3,Y,NA
2935,MGSFMD,1,#REF!,BEPA,32.1,N,18
2936,MGSFMD,1,#REF!,BEPA,31,Y,NA
2937,MGSFMD,1,#REF!,TSCA,20.3,Y,NA
2938,MGSFMD,1,#REF!,ACSA,6.3,Y,NA
2939,MGSFMD,1,#REF!,ACSA,5.4,Y,NA
2940,MGSFMD,1,#REF!,ACSA,6.2,Y,NA
2941,MGSFMD,1,#REF!,ACSA,9.2,Y,NA
2942,MGSFMD,1,#REF!,TSCA,16,Y,NA
2943,MGSFMD,1,#REF!,BELE,14.5,Y,NA
2944,MGSFMD,1,#REF!,BELE,12.3,Y,NA
2945,MGSFMD,1,#REF!,BEAL,18,Y,NA
2946,MGSFMD,2,1,ACRU,24.3,Y,NA
2947,MGSFMD,2,2,BELE,22.3,Y,NA
2948,MGSFMD,2,3,BELE,20.3,Y,NA
2949,MGSFMD,2,4,TSCA,6.1,Y,NA
2950,MGSFMD,2,5,PIST,5.1,N,4
2951,MGSFMD,2,6,ACSA,13.2,Y,NA
2952,MGSFMD,2,7,ACSA,20.8,Y,NA
2953,MGSFMD,2,8,BEAL,6.1,Y,NA
2954,MGSFMD,2,9,ACRU,22.2,Y,NA
2955,MGSFMD,2,10,TSCA,23.9,Y,NA
2956,MGSFMD,2,11,TSCA,7.3,Y,NA
2957,MGSFMD,2,12,BELE,26.3,Y,NA
2958,MGSFMD,2,13,ACSA,11.1,Y,NA
2959,MGSFMD,2,14,TSCA,10.5,Y,NA
2960,MGSFMD,2,15,BELE,8.5,Y,NA
2961,MGSFMD,3,1,PIST,7.2,Y,NA
2962,MGSFMD,3,2,FAGR,11.4,Y,NA
2963,MGSFMD,3,3,FAGR,10.4,Y,NA
2964,MGSFMD,3,4,QURU,28.8,Y,NA
2965,MGSFMD,3,5,FAGR,6.3,Y,NA
2966,MGSFMD,3,6,FAGR,9,Y,NA
2967,MGSFMD,3,7,TSCA,22,Y,NA
2968,MGSFMD,3,8,PIST,9.8,Y,NA
2969,MGSFMD,3,9,BELE,7.7,Y,NA
2970,MGSFMD,3,10,FAGR,16.5,Y,NA
2971,MGSFMD,3,11,FAGR,5.6,Y,NA
2972,MGSFMD,3,12,BEAL,7.6,Y,NA
2973,MGSFMD,3,13,FAGR,8.7,Y,NA
2974,MGSFMD,3,14,FAGR,7,Y,NA
2975,MGSFMD,3,15,FAGR,14.6,Y,NA
2976,MGSFMD,3,16,FAGR,17.1,Y,NA
2977,MGSFMD,3,17,BEAL,5.4,Y,NA
2978,MGSFMD,3,18,TSCA,7.5,Y,NA
2979,MGSFMD,3,19,FAGR,8.4,Y,NA
2980,MGSFMD,3,20,TSCA,6.7,Y,NA
2981,MGSFMD,3,21,TSCA,5.3,Y,NA
2982,MGSFMD,4,1,TSCA,33.9,Y,NA
2983,MGSFMD,4,2,TSCA,32.1,Y,NA
2984,MGSFMD,4,3,PIST,26.8,Y,NA
2985,MGSFMD,4,4,PIST,31,Y,NA
2986,MGSFMD,4,5,ACRU,40.4,Y,NA
2987,MGSFMD,4,6,FAGR,9.1,N,10
2988,MGSFMD,4,7,FAGR,11.3,N,10
2989,MGSFMD,5,1,ACRU,15.6,Y,NA
2990,MGSFMD,5,2,QURU,32.6,Y,NA
2991,MGSFMD,5,3,FAGR,14.4,Y,NA
2992,MGSFMD,5,4,FAGR,18.3,Y,NA
2993,MGSFMD,5,5,BELE,21.3,Y,NA
2994,MGSFMD,5,6,BELE,14,Y,NA
2995,MGSFMD,5,7,BELE,26.2,Y,NA
2996,MGSFMD,5,8,TSCA,6.7,Y,NA
2997,MGSFMD,5,9,QURU,34.7,Y,NA
2998,MGSFMD,5,10,FAGR,22.5,Y,NA
2999,MGSFMD,5,11,PIST,72.8,Y,NA
3000,MGSFMD,5,12,FAGR,11.5,Y,NA
3001,MGSFMD,5,13,TSCA,14.9,Y,NA
3002,MGSFMD,5,14,PIST,37,Y,NA
3003,MGSFMD,5,15,TSCA,10.9,Y,NA
3004,MGSFMD,5,16,FAGR,48.4,Y,NA
3005,MGSFMD,5,17,TSCA,17.4,Y,NA
3006,MGSFMD,5,18,UNKN,14.8,N,8
3007,WSFTS,1,1,QURU,35.5,N,16
3008,WSFTS,1,2,TSCA,28.1,Y,NA
3009,WSFTS,1,3,TSCA,23.2,Y,NA
3010,WSFTS,1,4,TSCA,22.3,Y,NA
3011,WSFTS,1,5,TSCA,10.5,Y,NA
3012,WSFTS,1,6,TSCA,18.7,Y,NA
3013,WSFTS,1,7,TSCA,10.5,Y,NA
3014,WSFTS,1,8,TSCA,7.3,Y,NA
3015,WSFTS,1,9,TSCA,9.5,Y,NA
3016,WSFTS,1,10,TSCA,19.7,Y,NA
3017,WSFTS,1,11,TSCA,6.3,Y,NA
3018,WSFTS,1,12,FAGR,8.5,Y,NA
3019,WSFTS,1,13,TSCA,7.5,Y,NA
3020,WSFTS,1,14,TSCA,35.5,Y,NA
3021,WSFTS,1,15,TSCA,33.1,Y,NA
3022,WSFTS,1,16,TSCA,9.9,Y,NA
3023,WSFTS,1,17,TSCA,6.6,Y,NA
3024,WSFTS,1,18,QURU,23.3,N,16
3025,WSFTS,1,19,TSCA,9.7,Y,NA
3026,WSFTS,1,20,FAGR,9.5,Y,NA
3027,WSFTS,1,21,ACRU,14.5,Y,NA
3028,WSFTS,1,22,ACRU,12,Y,NA
3029,WSFTS,1,23,QURU,51,Y,NA
3030,WSFTS,1,24,ACRU,12.3,Y,NA
3031,WSFTS,1,25,TSCA,7.2,Y,NA
3032,WSFTS,2,1,TSCA,56.1,Y,NA
3033,WSFTS,2,2,FAGR,15.7,Y,NA
3034,WSFTS,2,3,FAGR,26.3,Y,NA
3035,WSFTS,2,4,TSCA,11.7,Y,NA
3036,WSFTS,2,5,FAGR,15,Y,NA
3037,WSFTS,2,6,TSCA,9.2,Y,NA
3038,WSFTS,2,7,TSCA,9.4,Y,NA
3039,WSFTS,2,8,TSCA,36.3,Y,NA
3040,WSFTS,2,9,TSCA,10.7,Y,NA
3041,WSFTS,2,10,TSCA,32,Y,NA
3042,WSFTS,2,11,TSCA,21.5,Y,NA
3043,WSFTS,2,12,TSCA,24.7,Y,NA
3044,WSFTS,2,13,TSCA,34.1,Y,NA
3045,WSFTS,2,14,TSCA,7.5,Y,NA
3046,WSFTS,2,15,FAGR,5.4,Y,NA
3047,WSFTS,3,1,FAGR,18.3,Y,NA
3048,WSFTS,3,2,TSCA,30.4,Y,NA
3049,WSFTS,3,3,TSCA,31.9,Y,NA
3050,WSFTS,3,4,TSCA,8.7,Y,NA
3051,WSFTS,3,5,TSCA,7,Y,NA
3052,WSFTS,3,6,BELE,22.2,Y,NA
3053,WSFTS,3,7,TSCA,49.8,Y,NA
3054,WSFTS,3,8,TSCA,38.4,Y,NA
3055,WSFTS,3,9,TSCA,6.4,Y,NA
3056,WSFTS,3,10,TSCA,31.5,Y,NA
3057,WSFTS,3,11,TSCA,40.8,Y,NA
3058,WSFTS,3,12,TSCA,9.7,Y,NA
3059,WSFTS,3,13,FAGR,7.4,Y,NA
3060,WSFTS,3,14,FAGR,13,N,10
3061,WSFTS,3,15,TSCA,17.5,Y,NA
3062,WSFTS,3,16,TSCA,7.2,Y,NA
3063,WSFTS,3,17,FAGR,22.8,Y,NA
3064,WSFTS,3,18,FAGR,8.2,N,4
3065,WSFTS,4,1,TSCA,41.4,Y,NA
3066,WSFTS,4,2,TSCA,41.5,Y,NA
3067,WSFTS,4,3,TSCA,31.5,Y,NA
3068,WSFTS,4,4,TSCA,41,Y,NA
3069,WSFTS,4,5,TSCA,12.3,Y,NA
3070,WSFTS,4,6,TSCA,13.3,Y,NA
3071,WSFTS,4,7,TSCA,5.9,Y,NA
3072,WSFTS,4,8,QURU,28.8,Y,NA
3073,WSFTS,4,9,TSCA,14.7,Y,NA
3074,WSFTS,4,10,TSCA,13.5,Y,NA
3075,WSFTS,4,11,TSCA,12.6,Y,NA
3076,WSFTS,4,12,TSCA,7.3,Y,NA
3077,WSFTS,4,13,QURU,15.7,Y,NA
3078,WSFTS,4,14,TSCA,25.3,Y,NA
3079,WSFTS,4,15,TSCA,15,Y,NA
3080,WSFTS,4,16,TSCA,47.5,Y,NA
3081,WSFTS,4,17,TSCA,8.5,Y,NA
3082,WSFTS,5,1,TSCA,41,Y,NA
3083,WSFTS,5,2,TSCA,18.7,Y,NA
3084,WSFTS,5,3,FAGR,41.7,Y,NA
3085,WSFTS,5,4,ACRU,34.7,Y,NA
3086,WSFTS,5,5,TSCA,8.2,Y,NA
3087,WSFTS,5,6,TSCA,7,Y,NA
3088,WSFTS,5,7,TSCA,16.4,Y,NA
3089,WSFTS,5,8,FAGR,10.2,N,1.5
3090,WSFTS,5,9,TSCA,19.5,Y,NA
3091,WSFTS,5,10,TSCA,43.1,Y,NA
3092,WSFTS,5,11,TSCA,34.1,Y,NA
3093,WSFTS,5,12,TSCA,9,N,4
3094,WSFTS,5,13,TSCA,5.5,Y,NA
3095,WSFTS,5,14,TSCA,8,Y,NA
3096,WSFTS,5,15,TSCA,10.7,Y,NA
3097,WSFTS,5,16,TSCA,20.4,Y,NA
3098,WSFTS,5,17,TSCA,7.6,Y,NA
3099,WSFTS,5,18,TSCA,10.3,Y,NA
3100,WSFTS,5,19,TSCA,6.8,N,5
3101,WSFMD,1,1,PRSE,25.7,Y,NA
3102,WSFMD,1,2,OSVI,8,Y,NA
3103,WSFMD,1,3,OSVI,6.3,Y,NA
3104,WSFMD,1,4,OSVI,8.8,Y,NA
3105,WSFMD,1,5,ACRU,24,Y,NA
3106,WSFMD,1,6,ACSA,6.6,Y,NA
3107,WSFMD,1,7,ACSA,6.6,Y,NA
3108,WSFMD,1,8,ACSA,6.3,Y,NA
3109,WSFMD,1,9,OSVI,8.2,Y,NA
3110,WSFMD,1,10,OSVI,5.2,Y,NA
3111,WSFMD,1,11,QURU,52,Y,NA
3112,WSFMD,1,12,TSCA,16.3,Y,NA
3113,WSFMD,1,13,FAGR,7.9,Y,NA
3114,WSFMD,1,14,FAGR,5.9,Y,NA
3115,WSFMD,1,15,ACSA,12.4,Y,NA
3116,WSFMD,1,16,ACSA,12.8,Y,NA
3117,WSFMD,1,17,ACSA,13.3,Y,NA
3118,WSFMD,1,18,ACSA,16.6,Y,NA
3119,WSFMD,1,19,ACRU,21.5,Y,NA
3120,WSFMD,1,20,BEAL,21.6,Y,NA
3121,WSFMD,1,21,BEAL,17.3,N,1
3122,WSFMD,1,22,ACSA,5.9,Y,NA
3123,WSFMD,1,23,TSCA,15.9,Y,NA
3124,WSFMD,1,24,ACSA,13,Y,NA
3125,WSFMD,1,25,ACSA,6.2,Y,NA
3126,WSFMD,2,1,FAGR,32.2,Y,NA
3127,WSFMD,2,2,BEAL,25.5,Y,NA
3128,WSFMD,2,3,BEAL,41,Y,NA
3129,WSFMD,2,4,TSCA,22.3,Y,NA
3130,WSFMD,2,5,TSCA,11.7,Y,NA
3131,WSFMD,2,6,FAGR,14,Y,NA
3132,WSFMD,2,7,QURU,27,Y,NA
3133,WSFMD,2,8,TSCA,18.6,Y,NA
3134,WSFMD,2,9,BEPA,26.3,Y,NA
3135,WSFMD,2,10,FRAM,21.2,Y,NA
3136,WSFMD,2,11,TSCA,13,Y,NA
3137,WSFMD,2,12,TSCA,5,Y,NA
3138,WSFMD,2,13,TSCA,11.5,Y,NA
3139,WSFMD,2,14,ACSA,16.4,Y,NA
3140,WSFMD,2,15,QURU,43.8,Y,NA
3141,WSFMD,2,16,ACSA,14,Y,NA
3142,WSFMD,2,17,ACSA,24,Y,NA
3143,WSFMD,2,18,ACSA,23.6,Y,NA
3144,WSFMD,2,19,FAGR,14.5,Y,NA
3145,WSFMD,2,20,TSCA,11,Y,NA
3146,WSFMD,2,21,TSCA,13.1,Y,NA
3147,WSFMD,2,22,TSCA,12.6,N,6
3148,WSFMD,2,23,TSCA,13.7,Y,NA
3149,WSFMD,2,24,TSCA,12.7,Y,NA
3150,WSFMD,3,1,ACRU,20.2,Y,NA
3151,WSFMD,3,2,FRAM,11.4,Y,NA
3152,WSFMD,3,3,FAGR,9.2,Y,NA
3153,WSFMD,3,4,TSCA,24.6,Y,NA
3154,WSFMD,3,5,ACSA,27.7,Y,NA
3155,WSFMD,3,6,TSCA,21.3,Y,NA
3156,WSFMD,3,7,ACRU,23.9,Y,NA
3157,WSFMD,3,8,ACRU,34.3,Y,NA
3158,WSFMD,3,9,FAGR,11.8,Y,NA
3159,WSFMD,3,10,FAGR,8.3,Y,NA
3160,WSFMD,3,11,ACRU,19.7,N,2
3161,WSFMD,3,12,ACRU,15.5,Y,NA
3162,WSFMD,3,13,ACRU,33.3,Y,NA
3163,WSFMD,3,14,TSCA,28.5,Y,NA
3164,WSFMD,3,15,ACSA,9.7,Y,NA
3165,WSFMD,3,16,ACRU,11.3,N,1
3166,WSFMD,4,1,TSCA,48,Y,NA
3167,WSFMD,4,2,ACSA,30.9,Y,NA
3168,WSFMD,4,3,FAGR,15.2,Y,NA
3169,WSFMD,4,4,PRSE,18.5,Y,NA
3170,WSFMD,4,5,BEAL,18.5,Y,NA
3171,WSFMD,4,6,BEPA,13,N,12
3172,WSFMD,4,7,ACSA,9,Y,NA
3173,WSFMD,4,8,QURU,36,Y,NA
3174,WSFMD,4,9,FAGR,11.8,Y,NA
3175,WSFMD,4,10,FAGR,9.7,Y,NA
3176,WSFMD,4,11,FAGR,5.1,Y,NA
3177,WSFMD,4,12,TSCA,5.5,Y,NA
3178,WSFMD,4,13,FAGR,35.3,Y,NA
3179,WSFMD,4,14,TSCA,14.5,Y,NA
3180,WSFMD,4,15,TSCA,7.4,N,1
3181,WSFMD,4,16,TSCA,15.5,Y,NA
3182,WSFMD,4,17,TSCA,8.8,Y,NA
3183,WSFMD,4,18,FAGR,20,Y,NA
3184,WSFMD,4,19,TSCA,12,Y,NA
3185,WSFMD,4,20,FAGR,12.5,Y,NA
3186,WSFMD,5,1,FAGR,11.3,Y,NA
3187,WSFMD,5,2,FAGR,16.9,Y,NA
3188,WSFMD,5,3,TSCA,6.7,Y,NA
3189,WSFMD,5,4,TSCA,6.4,Y,NA
3190,WSFMD,5,5,TSCA,7.9,Y,NA
3191,WSFMD,5,6,TSCA,7.6,Y,NA
3192,WSFMD,5,7,BEPA,17.8,Y,NA
3193,WSFMD,5,8,BEAL,6.2,N,2
3194,WSFMD,5,9,ACSA,6.8,Y,NA
3195,WSFMD,5,10,ACSA,15.5,Y,NA
3196,WSFMD,5,11,ACSA,9.9,Y,NA
3197,WSFMD,5,12,TSCA,14.5,Y,NA
3198,WSFMD,5,13,BEAL,41.2,Y,NA
3199,WSFMD,5,14,FAGR,18.5,Y,NA
3200,WSFMD,5,15,UNKN,13,N,8
3201,WSFMD,5,16,FAGR,8,Y,NA
3202,WSFMD,5,17,FAGR,10.2,Y,NA
3203,WSFMD,5,18,FAGR,18.8,Y,NA
3204,WSFMD,5,19,FAGR,44.2,Y,NA
3205,WSFMD,5,20,FAGR,35,Y,NA
3206,WSFMD,5,21,PRSE,27.8,Y,NA
