cwd.no,site,ft,plot,asn,tr,species,diam,dc,c
1,SC1,TS,SC1TS,1,30,UNKN,6.2,5,Y
2,SC1,TS,SC1TS,1,30,ACRU,3.8,4,Y
3,SC1,TS,SC1TS,1,150,BELE,3.3,5,Y
4,SC1,TS,SC1TS,1,150,BEAL,5.5,3,Y
5,SC1,TS,SC1TS,1,150,FAGR,3.1,5,Y
6,SC1,TS,SC1TS,1,150,BEAL,5.1,5,Y
7,SC1,TS,SC1TS,1,150,FAGR,9.7,5,Y
8,SC1,TS,SC1TS,1,270,FAGR,6.7,3,Y
9,SC1,TS,SC1TS,1,270,FAGR,17.2,3,Y
10,SC1,TS,SC1TS,1,270,FAGR,3.2,4,Y
11,SC1,TS,SC1TS,1,270,FAGR,2.8,3,Y
12,SC1,TS,SC1TS,1,270,FAGR,6.2,4,Y
13,SC1,TS,SC1TS,2,30,UNKN,3,4,Y
14,SC1,TS,SC1TS,2,30,TSCA,43.9,2,N
15,SC1,TS,SC1TS,2,30,TSCA,22.7,2,N
16,SC1,TS,SC1TS,2,30,TSCA,5,2,Y
17,SC1,TS,SC1TS,2,30,BELE,3.3,3,Y
18,SC1,TS,SC1TS,2,30,BELE,4,3,Y
19,SC1,TS,SC1TS,2,270,TSCA,3.2,5,Y
20,SC1,TS,SC1TS,3,30,UNKN,4.9,4,Y
21,SC1,TS,SC1TS,3,30,BEPA,3.1,5,Y
22,SC1,TS,SC1TS,3,150,TSCA,27.4,5,Y
23,SC1,TS,SC1TS,3,150,FAGR,12.9,4,Y
24,SC1,TS,SC1TS,3,150,FAGR,5,5,Y
25,SC1,TS,SC1TS,3,150,TSCA,5,4,Y
26,SC1,TS,SC1TS,3,150,BEPA,2.5,3,Y
27,SC1,TS,SC1TS,3,150,BEPA,6.5,4,N
28,SC1,TS,SC1TS,3,150,BEPA,6.8,4,Y
29,SC1,TS,SC1TS,3,270,TSCA,26.7,5,Y
30,SC1,TS,SC1TS,3,270,FAGR,3,3,Y
31,SC1,TS,SC1TS,3,270,UNKN,3.9,3,Y
32,SC1,TS,SC1TS,3,270,TSCA,3.9,5,Y
33,SC1,TS,SC1TS,5,30,UNKN,3.7,3,N
34,SC1,TS,SC1TS,4,30,TSCA,6.7,5,Y
35,SC1,TS,SC1TS,4,30,UNKN,3.8,4,Y
36,SC1,TS,SC1TS,4,150,UNKN,10,5,Y
37,SC1,TS,SC1TS,4,150,UNKN,5.7,3,N
38,SC1,TS,SC1TS,4,150,TSCA,5.7,5,Y
39,SC1,TS,SC1TS,4,150,TSCA,9.2,5,Y
40,SC1,TS,SC1TS,4,150,TSCA,2.6,5,Y
41,SC1,TS,SC1TS,5,30,BEPA,8.6,3,Y
42,SC1,TS,SC1TS,5,30,FAGR,6.2,3,Y
43,SC1,TS,SC1TS,5,30,FAGR,5.9,3,Y
44,SC1,TS,SC1TS,5,30,FAGR,6.1,3,Y
45,SC1,TS,SC1TS,5,150,UNKN,9.2,4,Y
46,SC1,TS,SC1TS,5,150,ACRU,6.7,5,Y
47,SC1,MD,SC1MD,1,30,UNKN,8.9,5,Y
48,SC1,MD,SC1MD,1,30,UNKN,15.8,5,Y
49,SC1,MD,SC1MD,1,30,ACRU,10,3,Y
50,SC1,MD,SC1MD,1,30,PIST,5.8,5,Y
51,SC1,MD,SC1MD,1,150,PIST,5.8,2,Y
52,SC1,MD,SC1MD,1,150,PIST,7.6,3,Y
53,SC1,MD,SC1MD,1,150,PIST,6,4,Y
54,SC1,MD,SC1MD,1,150,PIST,3.8,3,Y
55,SC1,MD,SC1MD,1,150,PIST,12.4,4,Y
56,SC1,MD,SC1MD,1,150,PIST,14,5,Y
57,SC1,MD,SC1MD,1,150,BEAL,7.1,5,Y
58,SC1,MD,SC1MD,1,270,PIST,3.6,2,Y
59,SC1,MD,SC1MD,1,270,PIST,10.5,5,Y
60,SC1,MD,SC1MD,1,270,ACRU,5.7,3,N
61,SC1,MD,SC1MD,1,270,PIST,8,3,N
62,SC1,MD,SC1MD,1,270,ACRU,9.1,3,N
63,SC1,MD,SC1MD,1,270,ACRU,4.9,3,Y
64,SC1,MD,SC1MD,2,30,ACRU,4.7,1,N
65,SC1,MD,SC1MD,2,150,PIST,12.7,3,Y
66,SC1,MD,SC1MD,2,150,PIST,3,3,Y
67,SC1,MD,SC1MD,2,270,PIST,4.3,4,Y
68,SC1,MD,SC1MD,2,270,PIST,10.6,3,Y
69,SC1,MD,SC1MD,3,30,UNKN,10.2,5,Y
70,SC1,MD,SC1MD,3,30,BEAL,3.7,4,Y
71,SC1,MD,SC1MD,3,30,ACRU,3.8,4,Y
72,SC1,MD,SC1MD,3,30,PIST,8.7,4,Y
73,SC1,MD,SC1MD,3,30,UNKN,2.7,3,Y
74,SC1,MD,SC1MD,3,150,OSVI,8.2,3,Y
75,SC1,MD,SC1MD,3,150,PIST,13.1,4,Y
76,SC1,MD,SC1MD,3,150,PIST,8.3,5,Y
77,SC1,MD,SC1MD,3,270,PIST,3.4,3,N
78,SC1,MD,SC1MD,3,270,PIST,2.6,3,N
79,SC1,MD,SC1MD,4,30,ACSA,2.8,3,N
80,SC1,MD,SC1MD,4,30,BELE,3,3,N
81,SC1,MD,SC1MD,4,30,BEPA,7,5,Y
82,SC1,MD,SC1MD,4,30,UNKN,2.8,3,Y
83,SC1,MD,SC1MD,4,30,UNKN,3.1,3,Y
84,SC1,MD,SC1MD,4,150,PIST,13.1,2,Y
85,SC1,MD,SC1MD,4,270,WITCH,3.3,1,Y
86,SC1,MD,SC1MD,4,270,UNKN,4,4,Y
87,SC1,MD,SC1MD,4,270,ACRU,3.1,5,Y
88,SC1,MD,SC1MD,4,270,ACRU,3.1,3,N
89,SC1,MD,SC1MD,5,150,PIST,9.1,2,N
90,SC1,MD,SC1MD,5,150,ACRU,4.6,4,Y
91,SC1,MD,SC1MD,5,150,PIST,8.4,5,Y
92,SC1,MD,SC1MD,5,150,ACRU,2.9,3,Y
93,SC1,MD,SC1MD,5,270,PIST,0.6,3,Y
94,SC1,MD,SC1MD,5,270,PIST,7.4,5,Y
95,SC1,MD,SC1MD,5,270,UNKN,2.7,4,Y
96,PH,TS,PHTS,1,30,TSCA,3.6,5,Y
97,PH,TS,PHTS,1,30,TSCA,5.4,4,Y
98,PH,TS,PHTS,1,30,TSCA,4.7,3,Y
99,PH,TS,PHTS,1,30,TSCA,3.4,5,Y
100,PH,TS,PHTS,1,270,TSCA,2.7,4,Y
101,PH,TS,PHTS,1,270,UNKN,5.6,3,N
102,PH,TS,PHTS,1,270,UNKN,4.4,5,Y
103,PH,TS,PHTS,2,30,TSCA,2.6,4,Y
104,PH,TS,PHTS,2,150,TSCA,4.4,4,Y
105,PH,TS,PHTS,2,150,TSCA,7.8,4,Y
106,PH,TS,PHTS,2,150,TSCA,3.5,5,Y
107,PH,TS,PHTS,2,270,TSCA,3.6,4,Y
108,PH,TS,PHTS,2,270,TSCA,3,4,Y
109,PH,TS,PHTS,2,270,TSCA,3.5,4,Y
110,PH,TS,PHTS,3,30,TSCA,4.3,5,Y
111,PH,TS,PHTS,3,30,TSCA,4.8,5,Y
112,PH,TS,PHTS,3,30,TSCA,2.6,5,Y
113,PH,TS,PHTS,3,30,TSCA,26.7,1,N
114,PH,TS,PHTS,3,30,TSCA,3.7,4,Y
115,PH,TS,PHTS,3,30,TSCA,3.5,4,Y
116,PH,TS,PHTS,3,270,UNKN,5.6,3,N
117,PH,TS,PHTS,3,270,BELE,4.3,5,Y
118,PH,TS,PHTS,3,270,TSCA,4.3,4,Y
119,PH,TS,PHTS,3,270,BELE,4.4,4,Y
120,PH,TS,PHTS,3,270,BELE,3,5,Y
121,PH,TS,PHTS,3,270,TSCA,3.2,4,Y
122,PH,TS,PHTS,4,30,TSCA,5,4,Y
123,PH,TS,PHTS,4,150,BEPA,13.4,5,Y
124,PH,TS,PHTS,4,150,UNKN,16.1,4,N
125,PH,TS,PHTS,4,270,TSCA,4.3,2,Y
126,PH,TS,PHTS,4,270,TSCA,11.9,5,Y
127,PH,TS,PHTS,5,30,TSCA,9,5,Y
128,PH,TS,PHTS,5,30,TSCA,4,4,N
129,PH,TS,PHTS,5,30,TSCA,4.6,4,Y
130,PH,TS,PHTS,5,150,TSCA,15.3,2,N
131,PH,TS,PHTS,5,150,TSCA,3.3,5,Y
132,PH,TS,PHTS,5,270,TSCA,11.2,5,Y
133,PH,TS,PHTS,5,270,UNKN,10.3,5,Y
134,PH,TS,PHTS,5,270,TSCA,13.5,3,N
135,PH,TS,PHTS,5,270,UNKN,9,4,Y
136,PH,MD,PHMD,1,270,UNKN,9.7,5,Y
137,PH,MD,PHMD,2,30,QUVE,6.3,3,N
138,PH,MD,PHMD,2,30,QUVE,3.4,4,Y
139,PH,MD,PHMD,2,30,UNKN,5.2,3,N
140,PH,MD,PHMD,2,30,UNKN,4.5,3,N
141,PH,MD,PHMD,2,150,QUVE,5.3,2,Y
142,PH,MD,PHMD,2,150,QUVE,3.5,3,Y
143,PH,MD,PHMD,2,150,QUVE,2.5,3,Y
144,PH,MD,PHMD,2,150,UNKN,2.6,3,Y
145,PH,MD,PHMD,2,150,QUVE,3.4,4,Y
146,PH,MD,PHMD,3,30,QUVE,3,3,Y
147,PH,MD,PHMD,3,30,BEPA,5.7,4,N
148,PH,MD,PHMD,3,270,QUVE,3,3,Y
149,PH,MD,PHMD,3,270,UNKN,4.2,3,N
150,PH,MD,PHMD,3,270,UNKN,3.3,3,Y
151,PH,MD,PHMD,4,30,BEPA,2.7,2,N
152,PH,MD,PHMD,4,30,BEPA,3.2,3,Y
153,PH,MD,PHMD,4,30,BEPA,2.7,2,Y
154,PH,MD,PHMD,4,30,BEPA,6.2,3,Y
155,PH,MD,PHMD,4,150,UNKN,3.4,5,Y
156,PH,MD,PHMD,4,150,UNKN,3.8,3,Y
157,PH,MD,PHMD,4,270,BEPA,5.3,5,Y
158,PH,MD,PHMD,4,270,ACRU,5,3,Y
159,PH,MD,PHMD,4,270,ACRU,4.3,3,Y
160,PH,MD,PHMD,5,30,QUVE,4.9,3,Y
161,PH,MD,PHMD,5,30,QUVE,3.5,5,Y
162,PH,MD,PHMD,5,30,QUVE,5.2,3,Y
163,PH,MD,PHMD,5,30,QUVE,2.5,5,Y
164,PH,MD,PHMD,5,150,QUVE,4.9,3,Y
165,TS2,TS,TS2TS,1,30,TSCA,4.4,3,Y
166,TS2,TS,TS2TS,1,150,TSCA,5.9,5,Y
167,TS2,TS,TS2TS,1,150,TSCA,3.4,3,N
168,TS2,TS,TS2TS,1,270,UNKN,3.4,3,Y
169,TS2,TS,TS2TS,1,270,UNKN,3.5,3,Y
170,TS2,TS,TS2TS,1,270,UNKN,3.9,3,N
171,TS2,TS,TS2TS,1,270,UNKN,3,4,Y
172,TS2,TS,TS2TS,2,30,PIST,2.7,5,Y
173,TS2,TS,TS2TS,2,270,UNKN,3.7,2,Y
174,TS2,TS,TS2TS,2,270,UNKN,4.8,3,Y
175,TS2,TS,TS2TS,2,270,UNKN,7.2,3,Y
176,TS2,TS,TS2TS,2,270,UNKN,4,5,Y
177,TS2,TS,TS2TS,3,30,PIST,3.4,3,Y
178,TS2,TS,TS2TS,3,30,UNKN,2.7,3,Y
179,TS2,TS,TS2TS,3,30,ACRU,3.2,2,Y
180,TS2,TS,TS2TS,3,150,ACRU,2.7,5,Y
181,TS2,TS,TS2TS,3,270,TSCA,4.1,3,Y
182,TS2,TS,TS2TS,3,270,TSCA,4.2,5,Y
183,TS2,TS,TS2TS,3,270,TSCA,4.4,5,Y
184,TS2,TS,TS2TS,3,270,TSCA,7.2,2,Y
185,TS2,TS,TS2TS,4,150,TSCA,3.6,4,Y
186,TS2,TS,TS2TS,4,150,UNKN,8.6,5,Y
187,TS2,TS,TS2TS,4,270,TSCA,23.2,5,Y
188,TS2,TS,TS2TS,4,270,QURU,11.4,2,Y
189,TS2,TS,TS2TS,5,30,ACRU,6.6,2,Y
190,TS2,TS,TS2TS,5,30,ACRU,8.6,2,Y
191,TS2,TS,TS2TS,5,270,ACRU,6.7,2,Y
192,TS2,TS,TS2TS,5,270,ACRU,5,5,Y
193,TS2,TS,TS2TS,5,270,TSCA,11.4,5,Y
194,TS2,MD,TS2MD,1,30,BEPA,4,5,Y
195,TS2,MD,TS2MD,1,30,BEPA,3.9,5,Y
196,TS2,MD,TS2MD,1,30,UNKN,4.5,3,Y
197,TS2,MD,TS2MD,1,30,BEPA,12.6,5,Y
198,TS2,MD,TS2MD,1,30,UNKN,7.7,4,Y
199,TS2,MD,TS2MD,1,150,UNKN,10.1,3,Y
200,TS2,MD,TS2MD,1,150,UNKN,3.3,3,Y
201,TS2,MD,TS2MD,1,150,UNKN,2.8,3,Y
202,TS2,MD,TS2MD,1,150,BEPA,3,4,Y
203,TS2,MD,TS2MD,1,270,UNKN,7,4,Y
204,TS2,MD,TS2MD,1,270,UNKN,5.5,5,Y
205,TS2,MD,TS2MD,1,270,BEPA,3.3,5,Y
206,TS2,MD,TS2MD,1,270,ACRU,7.6,3,Y
207,TS2,MD,TS2MD,1,270,ACRU,4.7,3,Y
208,TS2,MD,TS2MD,1,270,PIST,9.2,5,Y
209,TS2,MD,TS2MD,1,270,ACRU,5.9,2,Y
210,TS2,MD,TS2MD,1,270,UNKN,6.7,4,Y
211,TS2,MD,TS2MD,2,30,PIST,2.6,4,Y
212,TS2,MD,TS2MD,2,30,PIST,8.5,4,Y
213,TS2,MD,TS2MD,2,150,QURU,31.2,4,N
214,TS2,MD,TS2MD,2,150,ACRU,4.4,2,N
215,TS2,MD,TS2MD,2,150,ACRU,3.1,3,N
216,TS2,MD,TS2MD,2,150,ACRU,2.6,2,N
217,TS2,MD,TS2MD,2,150,ACRU,2.9,4,Y
218,TS2,MD,TS2MD,2,150,ACRU,4.9,3,Y
219,TS2,MD,TS2MD,3,30,PIST,9.2,3,Y
220,TS2,MD,TS2MD,3,30,PIST,4.3,3,Y
221,TS2,MD,TS2MD,3,30,UNKN,6.4,4,Y
222,TS2,MD,TS2MD,3,150,UNKN,2.6,2,Y
223,TS2,MD,TS2MD,3,150,PIST,6.3,3,Y
224,TS2,MD,TS2MD,3,270,UNKN,6.3,3,Y
225,TS2,MD,TS2MD,3,270,UNKN,3,2,N
226,TS2,MD,TS2MD,3,270,UNKN,3,3,N
227,TS2,MD,TS2MD,3,270,UNKN,3,3,Y
228,TS2,MD,TS2MD,3,270,UNKN,6.2,2,Y
229,TS2,MD,TS2MD,3,270,ACRU,2.6,5,Y
230,TS2,MD,TS2MD,3,270,UNKN,11.4,3,Y
231,TS2,MD,TS2MD,4,30,BEPA,13.6,4,Y
232,TS2,MD,TS2MD,4,30,PIST,11.7,5,Y
233,TS2,MD,TS2MD,4,150,PIST,3.6,3,N
234,TS2,MD,TS2MD,4,270,PIST,3.2,5,Y
235,TS2,MD,TS2MD,5,30,PIST,4.7,5,Y
236,TS2,MD,TS2MD,5,30,ACRU,3.4,3,Y
237,TS2,MD,TS2MD,5,30,UNKN,7.2,5,Y
238,TS2,MD,TS2MD,5,30,PIST,3.7,3,Y
239,TS2,MD,TS2MD,5,30,PIST,8.1,5,Y
240,TS2,MD,TS2MD,5,30,PIST,7.4,3,Y
241,TS2,MD,TS2MD,5,30,BEPA,7.2,3,Y
242,TS2,MD,TS2MD,5,150,PIST,2.8,5,Y
243,TS2,MD,TS2MD,5,150,PIST,3.8,4,Y
244,TS2,MD,TS2MD,5,150,PIST,4.4,5,Y
245,TS2,MD,TS2MD,5,150,UNKN,6.7,3,Y
246,TS2,MD,TS2MD,5,150,UNKN,5.5,3,Y
247,TS2,MD,TS2MD,5,270,PIST,2.9,3,Y
248,TS2,MD,TS2MD,5,270,PIST,6.7,5,Y
249,TS2,MD,TS2MD,5,270,PIST,3.1,3,Y
250,TS2,MD,TS2MD,5,270,PIST,7,5,Y
251,TS2,MD,TS2MD,5,270,PIST,2.7,3,Y
252,TS1,TS,TS1TS,1,30,UNKN,6.1,4,Y
253,TS1,TS,TS1TS,1,30,UNKN,4.7,5,Y
254,TS1,TS,TS1TS,1,30,FAGR,3.8,2,Y
255,TS1,TS,TS1TS,1,30,UNKN,4.8,3,Y
256,TS1,TS,TS1TS,1,150,UNKN,6.1,3,Y
257,TS1,TS,TS1TS,1,150,UNKN,17.4,3,Y
258,TS1,TS,TS1TS,1,150,TSCA,3,2,N
259,TS1,TS,TS1TS,1,150,UNKN,2.5,4,Y
260,TS1,TS,TS1TS,1,150,UNKN,4,5,Y
261,TS1,TS,TS1TS,2,30,UNKN,2.8,3,N
262,TS1,TS,TS1TS,2,30,TSCA,8.7,1,N
263,TS1,TS,TS1TS,2,30,UNKN,7.7,3,N
264,TS1,TS,TS1TS,2,30,UNKN,6.3,3,N
265,TS1,TS,TS1TS,2,30,UNKN,7.4,4,Y
266,TS1,TS,TS1TS,2,150,UNKN,5.2,3,Y
267,TS1,TS,TS1TS,2,150,UNKN,11,3,Y
268,TS1,TS,TS1TS,2,150,UNKN,23.4,3,Y
269,TS1,TS,TS1TS,2,150,UNKN,13.8,5,Y
270,TS1,TS,TS1TS,2,270,UNKN,5.3,3,N
271,TS1,TS,TS1TS,2,270,BELE,3.3,2,Y
272,TS1,TS,TS1TS,3,30,TSCA,12.5,5,Y
273,TS1,TS,TS1TS,3,30,TSCA,5.3,2,N
274,TS1,TS,TS1TS,3,30,TSCA,2.9,2,N
275,TS1,TS,TS1TS,3,30,TSCA,2.7,2,N
276,TS1,TS,TS1TS,3,30,UNKN,7.2,3,Y
277,TS1,TS,TS1TS,3,270,TSCA,4.4,4,Y
278,TS1,TS,TS1TS,4,30,UNKN,5.6,3,Y
279,TS1,TS,TS1TS,4,150,TSCA,8,2,N
280,TS1,TS,TS1TS,4,150,UNKN,3.7,3,Y
281,TS1,TS,TS1TS,4,150,TSCA,5.2,4,N
282,TS1,TS,TS1TS,5,30,ACRU,6.3,5,Y
283,TS1,TS,TS1TS,5,30,BELE,4.2,2,Y
284,TS1,TS,TS1TS,5,30,BELE,3.4,5,Y
285,TS1,TS,TS1TS,5,150,TSCA,4.2,2,N
286,TS1,TS,TS1TS,5,150,UNKN,3.9,3,Y
287,TS1,TS,TS1TS,5,150,BELE,3,4,Y
288,TS1,TS,TS1TS,5,270,BELE,5.2,4,Y
289,TS1,TS,TS1TS,5,270,UNKN,4,3,N
290,TS1,MD,TS1MD,2,30,QUVE,2.5,3,Y
291,TS1,MD,TS1MD,2,30,QUVE,7.5,3,Y
292,TS1,MD,TS1MD,2,30,UNKN,7.5,3,Y
293,TS1,MD,TS1MD,2,30,UNKN,3.6,3,Y
294,TS1,MD,TS1MD,2,150,UNKN,6.6,3,Y
295,TS1,MD,TS1MD,2,150,QUVE,6.7,5,Y
296,TS1,MD,TS1MD,2,270,UNKN,3.7,2,Y
297,TS1,MD,TS1MD,2,270,UNKN,6.2,3,Y
298,TS1,MD,TS1MD,2,270,UNKN,3.3,3,N
299,TS1,MD,TS1MD,3,150,QUVE,4.1,5,Y
300,TS1,MD,TS1MD,3,150,QUVE,5.4,2,Y
301,TS1,MD,TS1MD,4,30,QUVE,3.9,3,Y
302,TS1,MD,TS1MD,4,30,UNKN,2.7,4,Y
303,TS1,MD,TS1MD,4,30,UNKN,5.3,3,Y
304,TS1,MD,TS1MD,4,30,UNKN,21.3,5,Y
305,TS1,MD,TS1MD,4,30,UNKN,8.3,3,Y
306,TS1,MD,TS1MD,4,30,UNKN,14,2,Y
307,TS1,MD,TS1MD,4,30,QUVE,3.4,2,Y
308,TS1,MD,TS1MD,4,150,QUVE,7.2,5,Y
309,TS1,MD,TS1MD,4,150,UNKN,5.9,3,N
310,TS1,MD,TS1MD,4,150,UNKN,5.1,3,N
311,TS1,MD,TS1MD,4,150,QUVE,2.7,5,N
312,TS1,MD,TS1MD,4,150,UNKN,8.5,3,N
313,TS1,MD,TS1MD,4,270,UNKN,3.5,4,Y
314,TS1,MD,TS1MD,4,270,ACRU,4.9,2,Y
315,TS1,MD,TS1MD,5,150,QUVE,6.1,3,Y
316,TS1,MD,TS1MD,5,150,QUVE,7.7,3,Y
317,TS1,MD,TS1MD,5,150,QUVE,3.4,4,Y
318,TS1,MD,TS1MD,5,150,QUVE,5.6,5,Y
319,TS1,MD,TS1MD,5,150,QUVE,6.7,5,Y
320,TS1,MD,TS1MD,5,270,UNKN,4.5,4,Y
321,TS1,MD,TS1MD,5,270,UNKN,8.2,3,Y
322,TS1,MD,TS1MD,5,270,UNKN,2.7,5,Y
323,TS1,MD,TS1MD,5,270,UNKN,3.6,4,Y
324,WA1,TS,WA1TS,1,30,TSCA,2.6,4,Y
325,WA1,TS,WA1TS,1,150,TSCA,5.9,5,Y
326,WA1,TS,WA1TS,1,150,TSCA,4.5,4,Y
327,WA1,TS,WA1TS,1,270,TSCA,3.6,5,N
328,WA1,TS,WA1TS,1,270,TSCA,6.2,5,Y
329,WA1,TS,WA1TS,2,30,TSCA,29.7,5,Y
330,WA1,TS,WA1TS,2,30,TSCA,20.7,3,Y
331,WA1,TS,WA1TS,2,30,TSCA,3.1,2,Y
332,WA1,TS,WA1TS,2,30,TSCA,8.7,2,Y
333,WA1,TS,WA1TS,2,30,TSCA,4.8,5,Y
334,WA1,TS,WA1TS,2,30,TSCA,2.5,2,Y
335,WA1,TS,WA1TS,2,150,TSCA,5.1,3,Y
336,WA1,TS,WA1TS,2,270,TSCA,4,2,N
337,WA1,TS,WA1TS,2,270,TSCA,3.2,2,N
338,WA1,TS,WA1TS,2,270,TSCA,4.5,5,Y
339,WA1,TS,WA1TS,3,270,TSCA,8.2,2,N
340,WA1,TS,WA1TS,3,270,UNKN,7.4,4,Y
341,WA1,TS,WA1TS,3,270,TSCA,3.5,3,N
342,WA1,TS,WA1TS,3,270,TSCA,6,5,Y
343,WA1,TS,WA1TS,3,270,TSCA,3.5,3,N
344,WA1,TS,WA1TS,3,270,TSCA,4,5,Y
345,WA1,TS,WA1TS,3,270,TSCA,24.8,5,Y
346,WA1,TS,WA1TS,4,30,TSCA,5.7,4,N
347,WA1,TS,WA1TS,4,30,TSCA,4.9,2,N
348,WA1,TS,WA1TS,4,30,TSCA,6.6,3,Y
349,WA1,TS,WA1TS,4,30,TSCA,3.5,3,Y
350,WA1,TS,WA1TS,4,30,TSCA,4.8,2,N
351,WA1,TS,WA1TS,4,30,TSCA,17.7,5,Y
352,WA1,TS,WA1TS,4,30,TSCA,4.7,2,N
353,WA1,TS,WA1TS,4,150,TSCA,5.6,5,Y
354,WA1,TS,WA1TS,4,150,TSCA,2.6,2,Y
355,WA1,TS,WA1TS,4,150,TSCA,4.5,2,N
356,WA1,TS,WA1TS,4,150,TSCA,4.1,3,N
357,WA1,TS,WA1TS,4,270,TSCA,3.1,3,Y
358,WA1,TS,WA1TS,4,270,TSCA,6.3,3,Y
359,WA1,TS,WA1TS,5,30,TSCA,4,2,Y
360,WA1,TS,WA1TS,5,30,TSCA,2.9,4,Y
361,WA1,TS,WA1TS,5,30,TSCA,20.4,5,Y
362,WA1,TS,WA1TS,5,270,TSCA,3.4,5,Y
363,WA1,TS,WA1TS,5,270,TSCA,3,2,N
364,WA1,TS,WA1TS,5,270,BELE,3.2,4,Y
365,WA2,TS,WA2TS,1,30,FAGR,23.1,4,Y
366,WA2,TS,WA2TS,1,30,TSCA,29.5,3,Y
367,WA2,TS,WA2TS,1,30,TSCA,5.9,2,Y
368,WA2,TS,WA2TS,1,150,FAGR,13.7,4,Y
369,WA2,TS,WA2TS,1,150,FAGR,3.3,3,Y
370,WA2,TS,WA2TS,1,150,TSCA,3.2,3,Y
371,WA2,TS,WA2TS,1,150,TSCA,7.7,3,Y
372,WA2,TS,WA2TS,1,150,TSCA,3.2,2,Y
373,WA2,TS,WA2TS,1,150,FAGR,3.6,3,N
374,WA2,TS,WA2TS,2,30,BELE,19.6,5,Y
375,WA2,TS,WA2TS,2,150,BELE,5.5,4,Y
376,WA2,TS,WA2TS,2,150,TSCA,15.5,4,Y
377,WA2,TS,WA2TS,2,150,BELE,5.4,4,Y
378,WA2,TS,WA2TS,2,150,TSCA,3.6,3,N
379,WA2,TS,WA2TS,2,270,BELE,7.1,5,Y
380,WA2,TS,WA2TS,2,270,BELE,5,3,Y
381,WA2,TS,WA2TS,2,270,BELE,11.2,2,N
382,WA2,TS,WA2TS,3,30,TSCA,3.2,5,Y
383,WA2,TS,WA2TS,3,150,TSCA,3.8,2,Y
384,WA2,TS,WA2TS,3,150,BELE,3.2,5,Y
385,WA2,TS,WA2TS,3,150,TSCA,2.9,3,Y
386,WA2,TS,WA2TS,3,270,BELE,8,4,N
387,WA2,TS,WA2TS,4,30,UNKN,10.9,3,N
388,WA2,TS,WA2TS,4,30,TSCA,31.2,2,N
389,WA2,TS,WA2TS,4,30,TSCA,6.1,2,N
390,WA2,TS,WA2TS,4,30,UNKN,8.5,3,Y
391,WA2,TS,WA2TS,4,30,UNKN,2.5,3,Y
392,WA2,TS,WA2TS,4,30,QURU,10.4,3,Y
393,WA2,TS,WA2TS,4,150,BELE,7,2,Y
394,WA2,TS,WA2TS,4,150,BELE,3,2,N
395,WA2,TS,WA2TS,4,150,BELE,3,2,N
396,WA2,TS,WA2TS,4,150,BELE,5.3,5,Y
397,WA2,TS,WA2TS,5,30,TSCA,22.7,4,Y
398,WA2,TS,WA2TS,5,30,TSCA,14.7,4,Y
399,WA2,TS,WA2TS,5,30,TSCA,6.7,3,Y
400,WA2,TS,WA2TS,5,30,UNKN,8.3,5,Y
401,WA2,TS,WA2TS,5,150,TSCA,4.7,2,N
402,WA2,TS,WA2TS,5,150,UNKN,8.5,3,Y
403,WA2,TS,WA2TS,5,150,UNKN,51,5,Y
404,WA2,TS,WA2TS,5,270,BELE,15.1,2,N
405,WA2,TS,WA2TS,5,270,BELE,4.6,2,N
406,WA2,TS,WA2TS,5,270,BELE,3.3,2,N
407,WA2,TS,WA2TS,5,270,BELE,6.2,3,
408,WA3,TS,WA3TS,1,30,TSCA,3.5,1,Y
409,WA3,TS,WA3TS,1,30,UNKN,7.1,3,Y
410,WA3,TS,WA3TS,1,30,UNKN,4.8,5,Y
411,WA3,TS,WA3TS,1,150,UNKN,14.4,4,Y
412,WA3,TS,WA3TS,1,270,TSCA,16,2,N
413,WA3,TS,WA3TS,1,270,ACRU,12.2,3,Y
414,WA3,TS,WA3TS,1,270,ACRU,10.7,3,Y
415,WA3,TS,WA3TS,2,30,FRAM,12.2,2,Y
416,WA3,TS,WA3TS,2,30,UNKN,13.2,5,Y
417,WA3,TS,WA3TS,2,30,UNKN,6.7,3,Y
418,WA3,TS,WA3TS,2,150,BELE,2.8,2,Y
419,WA3,TS,WA3TS,2,150,BELE,12.3,5,Y
420,WA3,TS,WA3TS,2,270,UNKN,11.2,5,Y
421,WA3,TS,WA3TS,2,270,UNKN,7.2,3,Y
422,WA3,TS,WA3TS,2,270,UNKN,7.6,2,Y
423,WA3,TS,WA3TS,3,30,TSCA,5,3,Y
424,WA3,TS,WA3TS,3,30,UNKN,11.2,5,Y
425,WA3,TS,WA3TS,3,30,UNKN,5.1,3,Y
426,WA3,TS,WA3TS,3,30,UNKN,5.6,3,Y
427,WA3,TS,WA3TS,3,30,UNKN,8.7,3,Y
428,WA3,TS,WA3TS,3,150,UNKN,3.4,3,N
429,WA3,TS,WA3TS,3,270,UNKN,2.9,3,Y
430,WA3,TS,WA3TS,3,270,TSCA,3.2,5,Y
431,WA3,TS,WA3TS,4,30,TSCA,9.6,1,N
432,WA3,TS,WA3TS,4,150,BELE,5.7,5,Y
433,WA3,TS,WA3TS,4,270,UNKN,3.7,3,Y
434,WA3,TS,WA3TS,4,270,UNKN,12.9,3,Y
435,WA3,TS,WA3TS,5,30,UNKN,6.3,5,Y
436,WA3,TS,WA3TS,5,150,UNKN,6,3,Y
437,WA3,TS,WA3TS,5,150,UNKN,3.8,3,N
438,WA3,TS,WA3TS,5,270,ACRU,3.3,2,N
439,WA3,MD,WA3MD,1,30,UNKN,4.2,4,Y
440,WA3,MD,WA3MD,1,30,UNKN,8.3,3,Y
441,WA3,MD,WA3MD,1,30,UNKN,4.1,5,Y
442,WA3,MD,WA3MD,1,30,UNKN,4,2,N
443,WA3,MD,WA3MD,1,150,UNKN,3.2,3,Y
444,WA3,MD,WA3MD,1,150,UNKN,2.5,5,Y
445,WA3,MD,WA3MD,1,270,UNKN,4,2,Y
446,WA3,MD,WA3MD,2,30,ACSA,20,5,Y
447,WA3,MD,WA3MD,2,150,UNKN,10.2,5,Y
448,WA3,MD,WA3MD,2,150,UNKN,20.2,5,Y
449,WA3,MD,WA3MD,2,150,UNKN,16.1,3,N
450,WA3,MD,WA3MD,3,30,PIST,15.7,4,N
451,WA3,MD,WA3MD,3,30,PIST,9.3,4,N
452,WA3,MD,WA3MD,3,30,ACSA,10,5,Y
453,WA3,MD,WA3MD,3,270,ACSA,2.8,2,Y
454,WA3,MD,WA3MD,4,30,UNKN,3,2,N
455,WA3,MD,WA3MD,4,30,PIST,2.9,2,N
456,WA3,MD,WA3MD,4,30,UNKN,2.9,2,Y
457,WA3,MD,WA3MD,4,150,UNKN,3.3,3,N
458,WA3,MD,WA3MD,4,270,PIST,13.4,4,Y
459,WA3,MD,WA3MD,4,270,UNKN,5.8,4,Y
460,WA3,MD,WA3MD,4,270,PIST,18.8,3,Y
461,WA3,MD,WA3MD,4,270,PIST,11.1,2,N
462,WA3,MD,WA3MD,4,270,PIST,6,3,Y
463,WA3,MD,WA3MD,4,270,UNKN,13.2,3,Y
464,WA3,MD,WA3MD,4,270,UNKN,3.3,3,Y
465,WA3,MD,WA3MD,5,30,UNKN,6.6,3,Y
466,WA3,MD,WA3MD,5,150,ACSA,5.2,2,Y
467,WA3,MD,WA3MD,5,150,BELE,4.8,4,Y
468,WA3,MD,WA3MD,5,150,UNKN,4.7,5,Y
469,WA3,MD,WA3MD,5,270,BELE,3.3,5,Y
470,WA3,MD,WA3MD,5,270,UNKN,11.2,5,Y
471,WA3,MD,WA3MD,5,270,BELE,3.7,5,Y
472,WA1,MD,WA1MD,1,30,HAVI,3,3,N
473,WA1,MD,WA1MD,1,150,UNKN,5,3,N
474,WA1,MD,WA1MD,1,270,UNKN,7.4,2,N
475,WA1,MD,WA1MD,1,270,QURU,13.9,2,Y
476,WA1,MD,WA1MD,1,270,QURU,15.3,2,Y
477,WA1,MD,WA1MD,2,30,UNKN,4.2,3,Y
478,WA1,MD,WA1MD,2,30,QURU,2.8,5,Y
479,WA1,MD,WA1MD,2,150,ACRU,7.8,1,N
480,WA1,MD,WA1MD,2,270,ACRU,5.5,1,N
481,WA1,MD,WA1MD,2,270,ACRU,21,1,N
482,WA1,MD,WA1MD,2,270,UNKN,7.3,3,Y
483,WA1,MD,WA1MD,3,30,UNKN,5.2,3,Y
484,WA1,MD,WA1MD,3,30,UNKN,5.2,3,Y
485,WA1,MD,WA1MD,3,150,UNKN,8.2,5,Y
486,WA1,MD,WA1MD,4,30,QURU,5.8,3,N
487,WA1,MD,WA1MD,4,30,QURU,6.9,3,N
488,WA1,MD,WA1MD,4,30,QURU,3.5,2,N
489,WA1,MD,WA1MD,4,30,QURU,4,2,N
490,WA1,MD,WA1MD,4,30,UNKN,6.4,4,Y
491,WA1,MD,WA1MD,4,30,QURU,4.8,2,N
492,WA1,MD,WA1MD,5,30,ACRU,12,3,Y
493,WA1,MD,WA1MD,5,30,UNKN,2.5,5,Y
494,WA1,MD,WA1MD,5,150,BEAL,8.7,5,Y
495,WA1,MD,WA1MD,5,150,UNKN,4.2,3,N
496,WA1,MD,WA1MD,5,150,UNKN,3.8,3,Y
497,WA1,MD,WA1MD,5,150,UNKN,5.3,3,Y
498,WA1,MD,WA1MD,5,270,UNKN,3.6,3,Y
499,WA1,MD,WA1MD,5,270,UNKN,4.8,4,Y
500,WA2,MD,WA2MD,1,30,UNKN,4.3,3,Y
501,WA2,MD,WA2MD,1,150,UNKN,4,3,Y
502,WA2,MD,WA2MD,1,150,UNKN,4.4,3,Y
503,WA2,MD,WA2MD,1,150,UNKN,3.6,3,N
504,WA2,MD,WA2MD,1,270,UNKN,3,2,Y
505,WA2,MD,WA2MD,1,270,UNKN,4.4,3,Y
506,WA2,MD,WA2MD,1,270,UNKN,7.3,4,Y
507,WA2,MD,WA2MD,2,150,FAGR,18.3,2,Y
508,WA2,MD,WA2MD,2,150,FAGR,5.6,3,Y
509,WA2,MD,WA2MD,2,150,FAGR,4.1,3,Y
510,WA2,MD,WA2MD,2,270,UNKN,12.8,4,Y
511,WA2,MD,WA2MD,2,270,UNKN,3.9,3,N
512,WA2,MD,WA2MD,3,30,UNKN,4.7,5,Y
513,WA2,MD,WA2MD,3,30,QURU,5.8,3,Y
514,WA2,MD,WA2MD,3,30,FAGR,4.2,3,N
515,WA2,MD,WA2MD,3,30,QURU,18.3,3,Y
516,WA2,MD,WA2MD,3,30,FAGR,3.2,3,N
517,WA2,MD,WA2MD,3,30,FAGR,6.7,5,Y
518,WA2,MD,WA2MD,3,30,FAGR,3.8,2,Y
519,WA2,MD,WA2MD,3,30,FAGR,5.4,5,Y
520,WA2,MD,WA2MD,3,30,FAGR,10.4,4,N
521,WA2,MD,WA2MD,3,270,UNKN,11.9,4,Y
522,WA2,MD,WA2MD,3,270,FAGR,5.6,3,Y
523,WA2,MD,WA2MD,3,270,FAGR,5.4,3,Y
524,WA2,MD,WA2MD,4,150,FAGR,4.2,4,Y
525,WA2,MD,WA2MD,4,270,UNKN,4,3,N
526,WA2,MD,WA2MD,4,270,UNKN,3.5,3,Y
527,WA2,MD,WA2MD,4,270,UNKN,3,3,N
528,WA2,MD,WA2MD,5,30,UNKN,9.1,3,Y
529,WA2,MD,WA2MD,5,30,UNKN,10.4,3,N
530,WA2,MD,WA2MD,5,150,UNKN,5.7,3,Y
531,WA2,MD,WA2MD,5,150,UNKN,3.7,3,N
532,WA2,MD,WA2MD,5,270,UNKN,2.7,3,N
533,SC2,MD,SC2MD,1,30,BEPA,14.3,5,Y
534,SC2,MD,SC2MD,1,30,BEPA,10.8,5,Y
535,SC2,MD,SC2MD,1,150,FAGR,18.2,5,Y
536,SC2,MD,SC2MD,1,150,UNKN,16.4,4,Y
537,SC2,MD,SC2MD,1,150,FAGR,2.7,2,N
538,SC2,MD,SC2MD,1,150,FAGR,2.6,2,N
539,SC2,MD,SC2MD,1,150,FAGR,2.5,2,N
540,SC2,MD,SC2MD,1,150,FAGR,8.6,5,Y
541,SC2,MD,SC2MD,1,150,UNKN,6,3,N
542,SC2,MD,SC2MD,1,150,UNKN,12.9,3,Y
543,SC2,MD,SC2MD,1,270,BEPA,2.6,2,Y
544,SC2,MD,SC2MD,1,270,BEPA,21.3,5,Y
545,SC2,MD,SC2MD,1,270,BEPA,17.5,4,Y
546,SC2,MD,SC2MD,2,30,FAGR,6.1,4,Y
547,SC2,MD,SC2MD,2,30,BEPA,15.1,2,Y
548,SC2,MD,SC2MD,2,30,BELE,2.9,5,Y
549,SC2,MD,SC2MD,2,270,UNKN,5.2,5,Y
550,SC2,MD,SC2MD,2,270,BEPA,2.8,3,Y
551,SC2,MD,SC2MD,2,270,BEPA,6.3,5,Y
552,SC2,MD,SC2MD,3,30,BELE,8.4,5,Y
553,SC2,MD,SC2MD,3,30,BEPA,19.6,4,Y
554,SC2,MD,SC2MD,3,30,FAGR,4.7,5,Y
555,SC2,MD,SC2MD,3,30,FAGR,5,5,Y
556,SC2,MD,SC2MD,3,150,FAGR,3.2,3,N
557,SC2,MD,SC2MD,3,270,FAGR,3.3,2,Y
558,SC2,MD,SC2MD,3,270,BEPA,5.2,5,Y
559,SC2,MD,SC2MD,4,30,FAGR,5.2,5,N
560,SC2,MD,SC2MD,4,150,UNKN,5,3,Y
561,SC2,MD,SC2MD,4,150,PIST,3.3,3,N
562,SC2,MD,SC2MD,4,270,PIST,3.5,1,N
563,SC2,MD,SC2MD,4,270,UNKN,5.4,3,Y
564,SC2,MD,SC2MD,4,270,UNKN,4.2,3,N
565,SC2,MD,SC2MD,5,30,UNKN,3.2,3,Y
566,SC2,MD,SC2MD,5,30,FAGR,5.2,4,Y
567,SC2,MD,SC2MD,5,30,FAGR,3,3,N
568,SC2,MD,SC2MD,5,150,UNKN,5.5,3,Y
569,SC2,MD,SC2MD,5,150,UNKN,5.4,4,Y
570,SC2,MD,SC2MD,5,150,UNKN,6,3,Y
571,SC2,MD,SC2MD,5,270,UNKN,4.8,3,Y
572,SC2,TS,SC2TS,1,30,UNKN,2.8,5,Y
573,SC2,TS,SC2TS,1,30,UNKN,2.5,5,Y
574,SC2,TS,SC2TS,1,30,UNKN,4.4,3,Y
575,SC2,TS,SC2TS,1,30,UNKN,3.6,3,Y
576,SC2,TS,SC2TS,1,150,UNKN,7.2,3,Y
577,SC2,TS,SC2TS,1,150,TSCA,2.7,3,Y
578,SC2,TS,SC2TS,1,150,TSCA,3.4,3,Y
579,SC2,TS,SC2TS,1,150,TSCA,4.4,3,Y
580,SC2,TS,SC2TS,1,270,QURU,18.2,5,Y
581,SC2,TS,SC2TS,2,30,TSCA,6.5,3,Y
582,SC2,TS,SC2TS,2,150,TSCA,3.3,2,Y
583,SC2,TS,SC2TS,2,150,PIST,2.8,3,N
584,SC2,TS,SC2TS,2,270,TSCA,3.6,2,N
585,SC2,TS,SC2TS,2,270,TSCA,10.1,3,Y
586,SC2,TS,SC2TS,3,30,FAGR,4.1,2,N
587,SC2,TS,SC2TS,3,30,TSCA,22.9,3,Y
588,SC2,TS,SC2TS,3,30,TSCA,6.8,3,Y
589,SC2,TS,SC2TS,3,150,TSCA,5,5,Y
590,SC2,TS,SC2TS,3,150,TSCA,3.1,2,Y
591,SC2,TS,SC2TS,3,270,TSCA,10.7,4,Y
592,SC2,TS,SC2TS,4,30,UNKN,2.7,3,Y
593,SC2,TS,SC2TS,4,30,UNKN,2.8,4,Y
594,SC2,TS,SC2TS,4,150,FAGR,2.7,5,Y
595,SC2,TS,SC2TS,4,150,FAGR,3.2,2,Y
596,SC2,TS,SC2TS,4,270,TSCA,2.8,3,Y
597,SC2,TS,SC2TS,4,270,PIST,3,3,Y
598,SC2,TS,SC2TS,4,270,TSCA,3.6,3,Y
599,SC2,TS,SC2TS,5,30,TSCA,2.6,3,Y
600,SC2,TS,SC2TS,5,270,FAGR,6.7,5,Y
601,SC2,TS,SC2TS,5,270,TSCA,4,2,N
602,SC2,TS,SC2TS,5,270,TSCA,4,2,Y
603,SC2,TS,SC2TS,5,270,TSCA,4,3,Y
604,MR,TS,MRTS,1,30,TSCA,3.8,3,Y
605,MR,TS,MRTS,1,30,UNKN,6.7,3,Y
606,MR,TS,MRTS,1,150,TSCA,7.9,2,Y
607,MR,TS,MRTS,1,270,TSCA,3.7,2,N
608,MR,TS,MRTS,1,270,TSCA,4.5,2,N
609,MR,TS,MRTS,1,270,TSCA,2.7,2,N
610,MR,TS,MRTS,2,150,BELE,3,5,Y
611,MR,TS,MRTS,2,150,FAGR,4.4,4,Y
612,MR,TS,MRTS,2,150,PIST,3.5,4,Y
613,MR,TS,MRTS,2,150,TSCA,2.5,5,Y
614,MR,TS,MRTS,2,270,FAGR,4.5,2,Y
615,MR,TS,MRTS,3,150,PIST,4.5,3,Y
616,MR,TS,MRTS,3,150,PIST,5.6,3,N
617,MR,TS,MRTS,3,270,TSCA,12.7,2,N
618,MR,TS,MRTS,3,270,TSCA,7.3,1,N
619,MR,TS,MRTS,3,270,UNKN,6.6,,Y
620,MR,TS,MRTS,3,270,UNKN,9,5,Y
621,MR,TS,MRTS,3,270,TSCA,3.9,5,Y
622,MR,TS,MRTS,3,270,UNKN,2.9,3,Y
623,MR,TS,MRTS,3,270,PIST,3.8,5,Y
624,MR,TS,MRTS,4,30,TSCA,21,3,Y
625,MR,TS,MRTS,4,30,TSCA,10.4,3,Y
626,MR,TS,MRTS,4,150,TSCA,21.8,3,Y
627,MR,TS,MRTS,4,150,TSCA,21.8,1,N
628,MR,TS,MRTS,4,270,UNKN,8,5,Y
629,MR,TS,MRTS,5,30,TSCA,7.1,5,Y
630,MR,TS,MRTS,5,30,FAGR,3.9,3,N
631,MR,TS,MRTS,5,150,UNKN,4.2,3,Y
632,MR,TS,MRTS,5,150,TSCA,3.5,2,Y
633,MR,TS,MRTS,5,150,TSCA,3,2,N
634,MR,TS,MRTS,5,150,UNKN,3.2,3,Y
635,MR,TS,MRTS,5,270,TSCA,4.1,3,Y
636,MR,TS,MRTS,5,270,UNKN,7.3,3,N
637,MR,TS,MRTS,5,270,UNKN,10.5,3,Y
638,MR,TS,MRTS,5,270,UNKN,5.5,3,N
639,MR,MD,MRMD,1,30,ACRU,3.1,2,N
640,MR,MD,MRMD,1,30,ACRU,4.8,5,Y
641,MR,MD,MRMD,1,30,ACRU,9.6,2,Y
642,MR,MD,MRMD,1,30,QURU,2.5,2,N
643,MR,MD,MRMD,1,30,QURU,3.2,2,Y
644,MR,MD,MRMD,1,150,QURU,2.9,3,Y
645,MR,MD,MRMD,1,150,BEPA,3.6,5,Y
646,MR,MD,MRMD,1,270,ACRU,4.4,2,Y
647,MR,MD,MRMD,1,270,ACRU,3.3,3,Y
648,MR,MD,MRMD,1,270,ACRU,2.6,3,Y
649,MR,MD,MRMD,1,270,ACRU,2.7,3,Y
650,MR,MD,MRMD,2,30,BEPO,4.7,5,Y
651,MR,MD,MRMD,2,30,BEPO,4.4,3,Y
652,MR,MD,MRMD,2,150,BEPO,4.2,3,Y
653,MR,MD,MRMD,2,150,ACRU,5.6,3,Y
654,MR,MD,MRMD,2,150,BEPO,6.9,4,Y
655,MR,MD,MRMD,2,270,BEPO,7.2,2,Y
656,MR,MD,MRMD,3,150,BEPO,3.3,1,N
657,MR,MD,MRMD,3,150,BEPO,2.7,1,Y
658,MR,MD,MRMD,3,270,BEPO,6.2,5,Y
659,MR,MD,MRMD,4,30,BEPA,6.4,3,Y
660,MR,MD,MRMD,4,30,BEPA,8,3,Y
661,MR,MD,MRMD,4,30,BEPO,4,4,Y
662,MR,MD,MRMD,4,150,UNKN,24.2,5,Y
663,MR,MD,MRMD,5,270,BEPO,6.7,1,Y
664,MR,MD,MRMD,5,270,BEPO,3.1,2,Y
665,MR,MD,MRMD,5,270,BEPO,5.8,5,Y
666,BH,MD,BHMD,1,30,UNKN,13.6,5,Y
667,BH,MD,BHMD,1,30,UNKN,3.2,3,Y
668,BH,MD,BHMD,1,30,UNKN,4.1,3,N
669,BH,MD,BHMD,1,150,BELE,3.6,5,Y
670,BH,MD,BHMD,1,270,UNKN,20.4,5,Y
671,BH,MD,BHMD,2,30,BEPA,4,2,N
672,BH,MD,BHMD,2,30,BEPA,6.1,5,Y
673,BH,MD,BHMD,2,30,BEPA,5,5,Y
674,BH,MD,BHMD,2,150,PIST,4.8,3,N
675,BH,MD,BHMD,2,150,BEPA,11.1,2,Y
676,BH,MD,BHMD,2,150,PIST,3.4,1,N
677,BH,MD,BHMD,2,270,BEPA,3,2,Y
678,BH,MD,BHMD,2,270,QURU,3.2,4,N
679,BH,MD,BHMD,2,270,QURU,2.6,3,Y
680,BH,MD,BHMD,3,150,QURU,7.2,2,N
681,BH,MD,BHMD,3,150,QURU,4.1,3,N
682,BH,MD,BHMD,3,150,QURU,4,2,N
683,BH,MD,BHMD,4,30,UNKN,6.4,3,N
684,BH,MD,BHMD,4,30,UNKN,10.1,3,Y
685,BH,MD,BHMD,4,30,PIST,23.4,4,Y
686,BH,MD,BHMD,4,150,UNKN,9.4,3,Y
687,BH,MD,BHMD,4,150,UNKN,5.7,3,N
688,BH,MD,BHMD,4,150,PIST,3.7,3,N
689,BH,MD,BHMD,4,270,UNKN,10.2,3,Y
690,BH,MD,BHMD,4,270,PIST,3.4,2,Y
691,BH,MD,BHMD,4,270,PIST,19.4,5,Y
692,BH,MD,BHMD,5,30,PIST,8.9,3,N
693,BH,MD,BHMD,5,30,PIST,13.8,5,Y
694,BH,MD,BHMD,5,30,PIST,8.9,5,Y
695,BH,MD,BHMD,5,30,PIST,11.5,5,Y
696,BH,MD,BHMD,5,150,PIST,4.8,2,N
697,BH,MD,BHMD,5,150,PIST,20.5,5,Y
698,BH,MD,BHMD,5,270,QURU,3.4,3,N
699,BH,TS,BHTS,1,30,ACRU,3.6,3,Y
700,BH,TS,BHTS,1,30,ACRU,2.9,3,N
701,BH,TS,BHTS,1,30,ACRU,9.8,3,Y
702,BH,TS,BHTS,1,30,ACRU,4.4,3,N
703,BH,TS,BHTS,1,30,ACRU,3.1,3,Y
704,BH,TS,BHTS,1,150,ACRU,3,3,Y
705,BH,TS,BHTS,1,150,BEPA,3.6,5,Y
706,BH,TS,BHTS,1,270,QURU,4.4,3,Y
707,BH,TS,BHTS,1,270,QURU,4.7,5,Y
708,BH,TS,BHTS,2,30,TSCA,2.5,3,Y
709,BH,TS,BHTS,2,30,FAGR,2.9,2,N
710,BH,TS,BHTS,2,30,TSCA,2.8,1,N
711,BH,TS,BHTS,2,30,UNKN,20.4,5,Y
712,BH,TS,BHTS,2,30,UNKN,2.9,3,Y
713,BH,TS,BHTS,2,30,TSCA,9.7,5,Y
714,BH,TS,BHTS,2,150,UNKN,4.2,5,Y
715,BH,TS,BHTS,2,150,UNKN,2.7,3,Y
716,BH,TS,BHTS,3,150,TSCA,4.8,2,Y
717,BH,TS,BHTS,3,150,UNKN,18.1,5,Y
718,BH,TS,BHTS,3,270,UNKN,11.7,5,Y
719,BH,TS,BHTS,3,270,TSCA,7.3,4,Y
720,BH,TS,BHTS,3,270,TSCA,10.5,4,Y
721,BH,TS,BHTS,3,270,UNKN,15.3,3,Y
722,BH,TS,BHTS,4,30,QURU,3.1,4,Y
723,BH,TS,BHTS,5,30,UNKN,4,5,Y
724,BH,TS,BHTS,5,150,TSCA,8.3,3,Y
725,BH,TS,BHTS,5,150,UNKN,3.2,3,N
726,BH,TS,BHTS,5,150,TSCA,3.5,2,Y
727,BH,TS,BHTS,5,150,UNKN,2.7,3,Y
728,BH,TS,BHTS,5,270,FAGR,9.7,2,N
729,BH,TS,BHTS,5,270,QURU,4.1,2,N
730,BH,TS,BHTS,5,270,FAGR,7.5,2,N
731,BH,TS,BHTS,5,270,FAGR,9.3,2,N
732,BH,TS,BHTS,5,270,FAGR,10.7,2,N
733,BH,TS,BHTS,5,270,TSCA,5.5,2,N
734,ER2,TS,ER2TS,1,30,BELE,3.5,2,Y
735,ER2,TS,ER2TS,1,30,TSCA,4.7,5,Y
736,ER2,TS,ER2TS,1,150,BEPA,4.8,1,N
737,ER2,TS,ER2TS,1,150,TSCA,3.2,1,N
738,ER2,TS,ER2TS,1,270,UNKN,6,5,Y
739,ER2,TS,ER2TS,2,30,UNKN,3.2,5,Y
740,ER2,TS,ER2TS,2,30,QURU,8.5,3,Y
741,ER2,TS,ER2TS,2,30,QURU,11.5,3,N
742,ER2,TS,ER2TS,2,30,TSCA,5.5,3,N
743,ER2,TS,ER2TS,2,150,TSCA,2.8,1,N
744,ER2,TS,ER2TS,2,150,TSCA,3.3,1,N
745,ER2,TS,ER2TS,2,150,BELE,4.8,3,Y
746,ER2,TS,ER2TS,2,270,QURU,5,3,N
747,ER2,TS,ER2TS,2,270,TSCA,6.5,5,Y
748,ER2,TS,ER2TS,2,270,UNKN,3.7,3,Y
749,ER2,TS,ER2TS,2,270,TSCA,2.6,2,N
750,ER2,TS,ER2TS,2,270,QURU,3.1,3,N
751,ER2,TS,ER2TS,2,270,QURU,5.5,3,Y
752,ER2,TS,ER2TS,2,270,UNKN,5.1,4,N
753,ER2,TS,ER2TS,3,30,TSCA,2.9,2,Y
754,ER2,TS,ER2TS,3,30,QURU,22.2,3,Y
755,ER2,TS,ER2TS,3,150,BEPA,2.9,4,Y
756,ER2,TS,ER2TS,3,150,QURU,5.5,4,Y
757,ER2,TS,ER2TS,3,270,UNKN,7.3,5,Y
758,ER2,TS,ER2TS,3,270,BEPA,11,3,Y
759,ER2,TS,ER2TS,3,270,BELE,3.5,1,N
760,ER2,TS,ER2TS,3,270,TSCA,3.4,2,N
761,ER2,TS,ER2TS,3,270,BEPA,9.7,3,Y
762,ER2,TS,ER2TS,3,270,TSCA,11.2,5,Y
763,ER2,TS,ER2TS,3,270,TSCA,2.6,3,N
764,ER2,TS,ER2TS,3,270,TSCA,2.9,2,N
765,ER2,TS,ER2TS,3,270,TSCA,2.6,2,N
766,ER2,TS,ER2TS,3,270,TSCA,3,2,Y
767,ER2,TS,ER2TS,3,270,TSCA,2.8,2,Y
768,ER2,TS,ER2TS,4,30,QURU,6.5,4,Y
769,ER2,TS,ER2TS,4,30,TSCA,13.3,5,Y
770,ER2,TS,ER2TS,4,150,BEPA,11.8,2,Y
771,ER2,TS,ER2TS,5,30,BEPA,11.6,5,Y
772,ER2,TS,ER2TS,5,150,BEPA,2.5,3,N
773,ER2,TS,ER2TS,5,150,BEPA,6,5,Y
774,ER2,TS,ER2TS,5,150,TSCA,9.1,3,Y
775,ER2,TS,ER2TS,5,270,QURU,5.7,3,Y
776,ER2,TS,ER2TS,5,270,FAGR,8.8,3,N
777,ER2,MD,ER2MD,1,30,TSCA,3.4,2,N
778,ER2,MD,ER2MD,1,30,TSCA,3.6,2,N
779,ER2,MD,ER2MD,1,30,ACRU,10.9,4,N
780,ER2,MD,ER2MD,1,30,QURU,13.6,3,Y
781,ER2,MD,ER2MD,1,150,PODE,25,2,Y
782,ER2,MD,ER2MD,1,150,ACRU,10.5,3,N
783,ER2,MD,ER2MD,1,150,ACRU,9.7,3,N
784,ER2,MD,ER2MD,1,150,TSCA,37.2,4,Y
785,ER2,MD,ER2MD,1,270,ACRU,4.3,3,Y
786,ER2,MD,ER2MD,1,270,UNKN,5,3,N
787,ER2,MD,ER2MD,1,270,ACRU,5.5,3,Y
788,ER2,MD,ER2MD,1,270,QURU,3.5,3,N
789,ER2,MD,ER2MD,2,30,QURU,23.7,3,Y
790,ER2,MD,ER2MD,2,30,ACRU,5.5,3,Y
791,ER2,MD,ER2MD,2,30,QURU,5.1,3,Y
792,ER2,MD,ER2MD,2,30,BELE,5.7,4,Y
793,ER2,MD,ER2MD,2,30,FAGR,3.4,3,Y
794,ER2,MD,ER2MD,2,30,BELE,3,3,Y
795,ER2,MD,ER2MD,2,150,QURU,12.7,3,Y
796,ER2,MD,ER2MD,2,150,TSCA,3.6,1,Y
797,ER2,MD,ER2MD,2,270,QURU,5.7,3,Y
798,ER2,MD,ER2MD,2,270,UNKN,9.1,3,Y
799,ER2,MD,ER2MD,2,270,ACRU,16.9,3,N
800,ER2,MD,ER2MD,2,270,UNKN,11.7,3,Y
801,ER2,MD,ER2MD,3,30,QURU,5.8,3,Y
802,ER2,MD,ER2MD,3,150,QURU,36.7,3,N
803,ER2,MD,ER2MD,3,150,QURU,4,3,Y
804,ER2,MD,ER2MD,3,150,QURU,17.1,3,Y
805,ER2,MD,ER2MD,3,150,QURU,13.8,3,Y
806,ER2,MD,ER2MD,3,270,UNKN,4,3,Y
807,ER2,MD,ER2MD,3,270,QURU,5.6,3,Y
808,ER2,MD,ER2MD,3,270,QURU,16.2,3,Y
809,ER2,MD,ER2MD,3,270,ACRU,7.5,2,N
810,ER2,MD,ER2MD,3,270,QURU,35.6,3,Y
811,ER2,MD,ER2MD,4,30,QURU,22.5,3,N
812,ER2,MD,ER2MD,4,30,QURU,26.6,3,Y
813,ER2,MD,ER2MD,4,30,QURU,24.5,3,N
814,ER2,MD,ER2MD,4,30,ACRU,4.3,3,N
815,ER2,MD,ER2MD,4,150,BEPA,3.9,4,Y
816,ER2,MD,ER2MD,4,150,BEPA,2.8,4,Y
817,ER2,MD,ER2MD,4,270,BEPA,13.5,5,Y
818,ER2,MD,ER2MD,5,30,BELE,5,1,N
819,ER2,MD,ER2MD,5,30,BELE,2.8,4,Y
820,ER2,MD,ER2MD,5,30,ACRU,2.9,3,N
821,ER2,MD,ER2MD,5,30,FAGR,2.6,3,Y
822,ER2,MD,ER2MD,5,30,QURU,4.1,3,Y
823,ER2,MD,ER2MD,5,30,QURU,20.9,3,N
824,ER2,MD,ER2MD,5,150,UNKN,5.3,3,Y
825,ER2,MD,ER2MD,5,270,QURU,3.4,2,Y
826,ER2,MD,ER2MD,5,270,QURU,4.2,3,Y
827,ER2,MD,ER2MD,5,270,BELE,5.5,3,N
828,ER1,TS,ER1TS,1,30,UNKN,3.9,3,Y
829,ER1,TS,ER1TS,1,30,UNKN,5.7,3,Y
830,ER1,TS,ER1TS,1,150,TSCA,4.5,2,N
831,ER1,TS,ER1TS,1,150,TSCA,10.4,2,N
832,ER1,TS,ER1TS,1,150,TSCA,7.8,5,Y
833,ER1,TS,ER1TS,1,150,TSCA,2.5,5,Y
834,ER1,TS,ER1TS,1,270,TSCA,11.1,5,Y
835,ER1,TS,ER1TS,1,270,TSCA,10.4,5,Y
836,ER1,TS,ER1TS,2,30,TSCA,7.4,1,N
837,ER1,TS,ER1TS,2,30,TSCA,3.3,3,N
838,ER1,TS,ER1TS,2,150,PIST,3.5,3,N
839,ER1,TS,ER1TS,2,150,PIST,4.7,3,Y
840,ER1,TS,ER1TS,2,150,PIST,2.8,3,Y
841,ER1,TS,ER1TS,2,150,PIST,2.9,3,N
842,ER1,TS,ER1TS,2,150,PIST,5.2,3,N
843,ER1,TS,ER1TS,2,150,PIST,5.3,3,Y
844,ER1,TS,ER1TS,2,270,TSCA,5,3,Y
845,ER1,TS,ER1TS,3,30,TSCA,12.6,1,N
846,ER1,TS,ER1TS,3,30,UNKN,7,3,Y
847,ER1,TS,ER1TS,3,30,PIST,4.7,5,Y
848,ER1,TS,ER1TS,3,30,TSCA,13.3,1,N
849,ER1,TS,ER1TS,3,30,PIST,37.7,1,Y
850,ER1,TS,ER1TS,3,30,TSCA,15.9,1,N
851,ER1,TS,ER1TS,3,30,TSCA,7.5,1,N
852,ER1,TS,ER1TS,3,150,TSCA,10.2,1,Y
853,ER1,TS,ER1TS,3,270,TSCA,6.1,1,Y
854,ER1,TS,ER1TS,3,270,BELE,11.5,2,Y
855,ER1,TS,ER1TS,3,270,UNKN,11.8,5,Y
856,ER1,TS,ER1TS,3,270,UNKN,12.4,5,Y
857,ER1,TS,ER1TS,4,30,TSCA,5.5,3,Y
858,ER1,TS,ER1TS,4,150,BEPA,6.4,3,Y
859,ER1,TS,ER1TS,4,270,TSCA,3.1,2,N
860,ER1,TS,ER1TS,4,270,TSCA,3,2,Y
861,ER1,TS,ER1TS,4,270,TSCA,3.8,4,Y
862,ER1,TS,ER1TS,5,30,TSCA,5.3,4,Y
863,ER1,TS,ER1TS,5,30,TSCA,6.8,2,Y
864,ER1,TS,ER1TS,5,30,TSCA,4.9,1,Y
865,ER1,TS,ER1TS,5,150,BELE,4.4,3,Y
866,ER1,TS,ER1TS,5,270,TSCA,2.9,3,N
867,ER1,MD,ER1MD,1,30,PIST,6.3,1,Y
868,ER1,MD,ER1MD,1,150,PIST,4.4,1,Y
869,ER1,MD,ER1MD,1,150,PIST,5.4,1,Y
870,ER1,MD,ER1MD,1,150,PIST,6.6,1,Y
871,ER1,MD,ER1MD,1,270,PIST,5.5,3,Y
872,ER1,MD,ER1MD,1,270,ACRU,4.5,3,Y
873,ER1,MD,ER1MD,2,30,QURU,4.8,3,Y
874,ER1,MD,ER1MD,2,30,QURU,3.5,2,Y
875,ER1,MD,ER1MD,2,30,BELE,3.4,2,Y
876,ER1,MD,ER1MD,2,30,QURU,3.4,3,Y
877,ER1,MD,ER1MD,2,30,BEPA,6.8,5,Y
878,ER1,MD,ER1MD,2,30,BEPA,2.7,3,Y
879,ER1,MD,ER1MD,2,150,ACRU,2.8,2,Y
880,ER1,MD,ER1MD,2,150,QURU,7.4,3,Y
881,ER1,MD,ER1MD,2,150,QURU,3,2,Y
882,ER1,MD,ER1MD,2,270,QURU,5.4,3,Y
883,ER1,MD,ER1MD,2,270,ACRU,7.6,3,Y
884,ER1,MD,ER1MD,2,270,PIST,3.7,3,Y
885,ER1,MD,ER1MD,2,270,ACRU,5.1,3,N
886,ER1,MD,ER1MD,2,270,BELE,4,5,Y
887,ER1,MD,ER1MD,3,30,PIST,4.3,1,N
888,ER1,MD,ER1MD,3,30,ACRU,6.7,3,Y
889,ER1,MD,ER1MD,3,30,BEPA,7.9,4,Y
890,ER1,MD,ER1MD,3,150,ACRU,2.9,2,N
891,ER1,MD,ER1MD,3,150,ACRU,5.3,2,N
892,ER1,MD,ER1MD,3,150,BELE,2.8,2,N
893,ER1,MD,ER1MD,3,270,ACRU,6.4,2,N
894,ER1,MD,ER1MD,3,270,BEPA,10.8,3,Y
895,ER1,MD,ER1MD,3,270,QURU,3.4,3,N
896,ER1,MD,ER1MD,4,30,UNKN,6.8,3,Y
897,ER1,MD,ER1MD,4,30,BEPA,6.4,4,Y
898,ER1,MD,ER1MD,4,30,BEPA,8.9,4,Y
899,ER1,MD,ER1MD,4,30,BEPA,13.3,5,Y
900,ER1,MD,ER1MD,4,150,UNKN,5.9,3,Y
901,ER1,MD,ER1MD,4,270,UNKN,2.7,3,Y
902,ER1,MD,ER1MD,5,30,FAGR,2.9,3,Y
903,ER1,MD,ER1MD,5,30,FAGR,3.3,2,N
904,ER1,MD,ER1MD,5,30,ACRU,6.6,3,N
905,ER1,MD,ER1MD,5,150,UNKN,2.7,3,N
906,ER1,MD,ER1MD,5,150,ACRU,12.5,5,Y
907,NSF,TS,NSFTS,1,30,TSCA,7,4,Y
908,NSF,TS,NSFTS,1,150,TSCA,2.5,3,Y
909,NSF,TS,NSFTS,1,150,TSCA,3.4,2,Y
910,NSF,TS,NSFTS,2,30,UNKN,5,3,Y
911,NSF,TS,NSFTS,2,270,QURU,2.7,2,Y
912,NSF,TS,NSFTS,2,270,QURU,3.2,2,Y
913,NSF,TS,NSFTS,3,30,QURU,3.7,3,Y
914,NSF,TS,NSFTS,3,150,UNKN,18.4,4,Y
915,NSF,TS,NSFTS,3,150,BELE,3.2,2,N
916,NSF,TS,NSFTS,3,150,BELE,5.5,2,Y
917,NSF,TS,NSFTS,3,150,QURU,3.9,2,N
918,NSF,TS,NSFTS,3,270,BEPA,9.3,4,Y
919,NSF,TS,NSFTS,3,270,BEPA,6.8,3,Y
920,NSF,TS,NSFTS,4,30,FAGR,4.7,3,N
921,NSF,TS,NSFTS,4,30,FAGR,2.9,2,Y
922,NSF,TS,NSFTS,5,150,ACRU,2.9,2,Y
923,NSF,TS,NSFTS,5,150,ACRU,2.8,2,Y
924,NSF,MD,NSFMD,1,30,UNKN,3.4,3,N
925,NSF,MD,NSFMD,1,30,FAGR,7.9,2,Y
926,NSF,MD,NSFMD,1,30,PIST,13.9,3,N
927,NSF,MD,NSFMD,1,150,UNKN,9.9,3,Y
928,NSF,MD,NSFMD,1,150,UNKN,7.9,4,Y
929,NSF,MD,NSFMD,1,270,QURU,12.4,3,N
930,NSF,MD,NSFMD,1,270,UNKN,3.4,3,Y
931,NSF,MD,NSFMD,1,270,BELE,17.3,3,Y
932,NSF,MD,NSFMD,2,30,BEPA,8.2,5,Y
933,NSF,MD,NSFMD,2,30,BEPA,7.1,4,Y
934,NSF,MD,NSFMD,2,30,BELE,11.5,5,Y
935,NSF,MD,NSFMD,2,30,QURU,4.4,5,Y
936,NSF,MD,NSFMD,2,150,BEPA,10.3,3,Y
937,NSF,MD,NSFMD,2,150,QURU,5,3,Y
938,NSF,MD,NSFMD,2,150,QURU,3,2,N
939,NSF,MD,NSFMD,2,150,BELE,14,4,Y
940,NSF,MD,NSFMD,2,270,QURU,3.2,3,N
941,NSF,MD,NSFMD,2,270,BEPA,8.1,5,Y
942,NSF,MD,NSFMD,2,270,QURU,4.7,4,Y
943,NSF,MD,NSFMD,3,30,BELE,17.6,4,Y
944,NSF,MD,NSFMD,3,30,BELE,17.9,4,Y
945,NSF,MD,NSFMD,3,150,UNKN,2.7,3,N
946,NSF,MD,NSFMD,3,150,BELE,2.9,2,N
947,NSF,MD,NSFMD,3,270,FAGR,10.1,5,Y
948,NSF,MD,NSFMD,4,30,UNKN,7.2,3,Y
949,NSF,MD,NSFMD,4,150,UNKN,2.9,3,Y
950,NSF,MD,NSFMD,4,150,FAGR,2.7,3,N
951,NSF,MD,NSFMD,4,150,FAGR,2.7,3,N
952,NSF,MD,NSFMD,4,270,ACRU,12.5,5,Y
953,NSF,MD,NSFMD,4,270,ACRU,4.7,3,N
954,NSF,MD,NSFMD,4,270,ACRU,15.6,5,Y
955,NSF,MD,NSFMD,4,270,ACRU,16.1,3,Y
956,NSF,MD,NSFMD,5,150,ACRU,11.3,5,Y
957,MGSF,MD,MGSFMD,1,30,BEPA,4.5,5,Y
958,MGSF,MD,MGSFMD,1,30,BEPA,7.5,2,N
959,MGSF,MD,MGSFMD,1,30,BEPA,3.1,3,Y
960,MGSF,MD,MGSFMD,1,30,UNKN,9.4,4,Y
961,MGSF,MD,MGSFMD,1,30,UNKN,8.2,3,Y
962,MGSF,MD,MGSFMD,1,30,BEPA,4.3,5,Y
963,MGSF,MD,MGSFMD,1,30,BEAL,3.7,4,Y
964,MGSF,MD,MGSFMD,1,150,BEPA,3.5,5,Y
965,MGSF,MD,MGSFMD,1,150,UNKN,14,3,Y
966,MGSF,MD,MGSFMD,1,150,BEPA,5.6,3,Y
967,MGSF,MD,MGSFMD,1,150,ACRU,7.1,3,N
968,MGSF,MD,MGSFMD,1,150,QURU,4,3,Y
969,MGSF,MD,MGSFMD,1,270,BEPA,5,5,Y
970,MGSF,MD,MGSFMD,1,270,ACRU,4.3,3,Y
971,MGSF,MD,MGSFMD,1,270,ACRU,2.6,2,N
972,MGSF,MD,MGSFMD,1,270,BEPA,13.6,2,N
973,MGSF,MD,MGSFMD,1,270,ACRU,3.9,2,Y
974,MGSF,MD,MGSFMD,1,270,QURU,3.5,3,Y
975,MGSF,MD,MGSFMD,1,270,UNKN,21.7,3,Y
976,MGSF,MD,MGSFMD,2,30,UNKN,11.3,4,N
977,MGSF,MD,MGSFMD,2,30,BELE,2.9,3,N
978,MGSF,MD,MGSFMD,2,150,QURU,15.8,3,N
979,MGSF,MD,MGSFMD,2,150,QURU,8.4,3,N
980,MGSF,MD,MGSFMD,2,150,BEAL,3.2,2,N
981,MGSF,MD,MGSFMD,2,270,QURU,4.6,3,Y
982,MGSF,MD,MGSFMD,2,270,QURU,3.7,3,Y
983,MGSF,MD,MGSFMD,2,270,FAGR,10.5,3,Y
984,MGSF,MD,MGSFMD,3,30,QURU,4.2,3,Y
985,MGSF,MD,MGSFMD,3,270,QURU,16.1,3,Y
986,MGSF,MD,MGSFMD,4,270,TSCA,13.2,3,Y
987,MGSF,MD,MGSFMD,4,270,BEPA,9.9,4,Y
988,MGSF,MD,MGSFMD,4,270,UNKN,11.6,3,Y
989,MGSF,MD,MGSFMD,4,270,UNKN,4.6,3,Y
990,MGSF,MD,MGSFMD,5,150,FAGR,2.6,2,N
991,MGSF,MD,MGSFMD,5,270,FAGR,4.8,2,N
992,MGSF,MD,MGSFMD,5,270,BELE,2.7,2,N
993,MGSF,MD,MGSFMD,5,270,UNKN,6.8,3,Y
994,MGSF,MD,MGSFMD,5,270,FAGR,2.7,2,N
995,WSF,TS,WSFTS,1,30,QURU,2.8,3,Y
996,WSF,TS,WSFTS,1,150,QURU,4.2,3,N
997,WSF,TS,WSFTS,1,270,TSCA,3.7,1,N
998,WSF,TS,WSFTS,1,270,QURU,13.1,3,N
999,WSF,TS,WSFTS,2,30,TSCA,2.7,2,Y
1000,WSF,TS,WSFTS,2,30,UNKN,4.4,5,Y
1001,WSF,TS,WSFTS,2,150,TSCA,2.9,2,Y
1002,WSF,TS,WSFTS,2,150,TSCA,7,3,Y
1003,WSF,TS,WSFTS,2,270,FAGR,8.3,5,Y
1004,WSF,TS,WSFTS,2,270,TSCA,15.4,3,Y
1005,WSF,TS,WSFTS,2,270,TSCA,3.7,2,Y
1006,WSF,TS,WSFTS,3,30,FAGR,9.6,5,Y
1007,WSF,TS,WSFTS,3,30,FAGR,6.7,2,Y
1008,WSF,TS,WSFTS,3,30,FAGR,6.9,4,N
1009,WSF,TS,WSFTS,3,150,QURU,3.8,3,Y
1010,WSF,TS,WSFTS,4,30,FAGR,10.7,3,Y
1011,WSF,TS,WSFTS,4,30,FAGR,17,3,N
1012,WSF,TS,WSFTS,4,150,TSCA,2.7,2,N
1013,WSF,TS,WSFTS,4,150,FAGR,11.4,3,Y
1014,WSF,TS,WSFTS,4,150,FAGR,9.9,3,Y
1015,WSF,TS,WSFTS,4,150,ACRU,4.3,2,Y
1016,WSF,TS,WSFTS,4,150,ACRU,2.5,2,N
1017,WSF,TS,WSFTS,4,150,TSCA,4.3,2,N
1018,WSF,TS,WSFTS,4,150,BEPA,2.6,5,Y
1019,WSF,TS,WSFTS,4,270,TSCA,2.9,2,Y
1020,WSF,TS,WSFTS,4,270,FAGR,13,3,Y
1021,WSF,TS,WSFTS,4,270,FAGR,10.7,5,Y
1022,WSF,TS,WSFTS,4,270,FAGR,2.7,5,Y
1023,WSF,TS,WSFTS,5,30,FAGR,4,2,Y
1024,WSF,TS,WSFTS,5,30,QURU,5.8,3,Y
1025,WSF,TS,WSFTS,5,150,FAGR,3.5,2,Y
1026,WSF,TS,WSFTS,5,150,FAGR,3.6,5,Y
1027,WSF,TS,WSFTS,5,150,UNKN,3.3,3,N
1028,WSF,MD,WSFMD,1,30,UNKN,5.5,3,Y
1029,WSF,MD,WSFMD,1,30,UNKN,8,3,Y
1030,WSF,MD,WSFMD,1,150,UNKN,7.2,4,Y
1031,WSF,MD,WSFMD,1,150,UNKN,7.2,3,Y
1032,WSF,MD,WSFMD,1,270,BEAL,12.7,4,Y
1033,WSF,MD,WSFMD,2,150,FAGR,3.1,2,Y
1034,WSF,MD,WSFMD,3,270,UNKN,3.4,3,Y
1035,WSF,MD,WSFMD,3,270,FAGR,4.3,3,Y
1036,WSF,MD,WSFMD,3,270,UNKN,2.9,3,Y
1037,WSF,MD,WSFMD,4,30,BEAL,4.6,5,N
1038,WSF,MD,WSFMD,4,30,BEPA,13.6,4,Y
1039,WSF,MD,WSFMD,4,30,BEPA,7.7,3,Y
1040,WSF,MD,WSFMD,4,30,UNKN,5.8,3,Y
1041,WSF,MD,WSFMD,4,30,BEPA,11.8,5,Y
1042,WSF,MD,WSFMD,4,150,FAGR,25.7,2,Y
1043,WSF,MD,WSFMD,4,270,TSCA,2.9,2,N
1044,WSF,MD,WSFMD,4,270,FAGR,7.9,5,Y
1045,WSF,MD,WSFMD,4,270,BEPA,7.8,4,Y
1046,WSF,MD,WSFMD,4,270,UNKN,15.3,3,Y
1047,WSF,MD,WSFMD,4,270,UNKN,5.8,3,Y
1048,WSF,MD,WSFMD,5,30,UNKN,7.9,5,Y
1049,WSF,MD,WSFMD,5,150,FAGR,13.3,3,N
1050,WSF,MD,WSFMD,5,150,FAGR,10.6,5,Y
1051,WSF,MD,WSFMD,5,270,FAGR,6.9,3,Y
1052,WSF,MD,WSFMD,5,270,FAGR,3.9,3,Y
1053,WSF,MD,WSFMD,5,270,FAGR,4.3,4,Y
1054,MGSF,TS,MGSFTS,1,30,BELE,7.2,5,Y
1055,MGSF,TS,MGSFTS,1,30,BELE,2.7,5,Y
1056,MGSF,TS,MGSFTS,1,30,BELE,8,5,Y
1057,MGSF,TS,MGSFTS,1,30,UNKN,6.9,4,Y
1058,MGSF,TS,MGSFTS,1,30,UNKN,7.4,4,Y
1059,MGSF,TS,MGSFTS,1,150,UNKN,7.6,3,N
1060,MGSF,TS,MGSFTS,1,150,UNKN,9.1,3,N
1061,MGSF,TS,MGSFTS,1,150,UNKN,7.8,4,Y
1062,MGSF,TS,MGSFTS,1,150,UNKN,20.3,3,N
1063,MGSF,TS,MGSFTS,1,270,BELE,2.9,5,Y
1064,MGSF,TS,MGSFTS,2,30,TSCA,5.5,5,Y
1065,MGSF,TS,MGSFTS,2,30,UNKN,2.7,3,Y
1066,MGSF,TS,MGSFTS,2,30,UNKN,3,3,Y
1067,MGSF,TS,MGSFTS,2,30,FAGR,9.8,2,Y
1068,MGSF,TS,MGSFTS,2,270,FAGR,12.5,2,Y
1069,MGSF,TS,MGSFTS,2,270,TSCA,2.9,2,Y
1070,MGSF,TS,MGSFTS,2,270,TSCA,5.2,2,Y
1071,MGSF,TS,MGSFTS,3,30,TSCA,8.6,3,Y
1072,MGSF,TS,MGSFTS,3,30,FAGR,8.9,4,Y
1073,MGSF,TS,MGSFTS,3,30,UNKN,5.1,3,Y
1074,MGSF,TS,MGSFTS,3,30,FAGR,17.4,3,Y
1075,MGSF,TS,MGSFTS,3,150,TSCA,6.4,3,Y
1076,MGSF,TS,MGSFTS,3,150,BEPA,9.7,2,N
1077,MGSF,TS,MGSFTS,3,150,BEPA,7.8,1,N
1078,MGSF,TS,MGSFTS,3,150,QURU,5.7,3,Y
1079,MGSF,TS,MGSFTS,3,150,BELE,3.9,1,Y
1080,MGSF,TS,MGSFTS,3,150,BELE,2.6,1,N
1081,MGSF,TS,MGSFTS,3,150,UNKN,3.3,3,Y
1082,MGSF,TS,MGSFTS,3,270,BELE,5.6,1,N
1083,MGSF,TS,MGSFTS,3,270,TSCA,13.2,1,Y
1084,MGSF,TS,MGSFTS,3,270,TSCA,3.6,2,Y
1085,MGSF,TS,MGSFTS,4,30,UNKN,5,3,Y
1086,MGSF,TS,MGSFTS,4,30,BELE,4,5,Y
1087,MGSF,TS,MGSFTS,4,150,BELE,2.7,2,N
1088,MGSF,TS,MGSFTS,4,270,TSCA,3.7,2,Y
1089,MGSF,TS,MGSFTS,4,270,TSCA,4.4,2,Y
1090,MGSF,TS,MGSFTS,4,270,BELE,3,2,N
1091,MGSF,TS,MGSFTS,4,270,TSCA,7.8,3,Y
1092,MGSF,TS,MGSFTS,4,270,TSCA,3.7,5,Y
1093,MGSF,TS,MGSFTS,4,270,TSCA,8.5,5,Y
1094,MGSF,TS,MGSFTS,4,270,TSCA,5.2,2,N
1095,MGSF,TS,MGSFTS,4,270,TSCA,2.8,2,N
1096,MGSF,TS,MGSFTS,5,30,UNKN,5,3,Y
1097,MGSF,TS,MGSFTS,5,30,UNKN,4.6,3,Y
1098,MGSF,TS,MGSFTS,5,30,FAGR,32.4,4,Y
1099,MGSF,TS,MGSFTS,5,150,UNKN,12.8,4,N
1100,MGSF,TS,MGSFTS,5,150,UNKN,9.5,3,N
1101,MGSF,TS,MGSFTS,5,150,UNKN,12.4,3,N
1102,MGSF,TS,MGSFTS,5,270,FAGR,5.3,2,N
1103,MGSF,TS,MGSFTS,5,270,PIST,4.7,3,N
